ticket_id,created_at,updated_at,company,requester,requester_email,region,plan,channel,category,subcategory,status,priority,assignee,team,first_response_min,resolution_min,reopens,satisfaction,subject
CASE-000001,2026-01-01T00:00:00Z,2026-01-07T14:26:00Z,Acme SaaS 1,Ada 1,person1@example.com,North America,Free,Email,Account,How-to,New,Low,Margaret 14,Platform,,,0,,"Export includes commas, quotes ""and"" unusual values"
CASE-000002,2026-01-04T07:13:00Z,2026-01-10T21:39:00Z,Globex Fintech 2,Grace 2,person2@example.com,Europe,Pro,Chat,Billing,Bug,Open,Medium,Alan 15,Growth,13,,1,2,Beacon billing question 2
CASE-000003,2026-01-07T14:26:00Z,2026-01-13T04:52:00Z,Initech Retail 3,Linus 3,person3@example.com,Asia Pacific,Business,Phone,Data,Request,Waiting,High,Katherine 16,Design,24,124,2,3,Canvas export question 3
CASE-000004,2026-01-10T21:39:00Z,2026-01-16T11:05:00Z,Umbrella Healthcare 4,Margaret 4,person4@example.com,Middle East,Enterprise,Web,Performance,Incident,Resolved,Urgent,Edsger 17,Data,35,171,3,4,Delta latency question 4
CASE-000005,2026-01-13T04:52:00Z,2026-01-19T18:18:00Z,Stark Media 5,Alan 5,person5@example.com,Latin America,Free,Partner,Security,How-to,Closed,Low,Radia 18,Security,46,218,4,5,Echo login question 5
CASE-000006,2026-01-16T11:05:00Z,2026-01-22T01:31:00Z,Wayne Logistics 6,Katherine 6,person6@example.com,North America,Pro,Email,Integration,Bug,New,Medium,Barbara 19,Support,57,,5,1,Forge billing question 6
CASE-000007,2026-01-19T18:18:00Z,2026-01-25T08:44:00Z,Wonka SaaS 7,Edsger 7,person7@example.com,Europe,Business,Chat,Account,Request,Open,High,Donald 20,Platform,68,,6,,Helix export question 7
CASE-000008,2026-01-22T01:31:00Z,2026-01-28T15:57:00Z,Acme Fintech 8,Radia 8,person8@example.com,Asia Pacific,Enterprise,Phone,Billing,Incident,Waiting,Urgent,Ada 21,Growth,79,359,0,3,Ion latency question 8
CASE-000009,2026-01-25T08:44:00Z,2026-01-31T22:10:00Z,Globex Retail 9,Barbara 9,person9@example.com,Middle East,Free,Web,Data,How-to,Resolved,Low,Grace 22,Design,90,406,1,4,Atlas login question 9
CASE-000010,2026-01-28T15:57:00Z,2026-02-03T05:23:00Z,Initech Healthcare 10,Donald 10,person10@example.com,Latin America,Pro,Partner,Performance,Bug,Closed,Medium,Linus 23,Data,101,453,2,5,Beacon billing question 10
CASE-000011,2026-01-31T22:10:00Z,2026-02-06T12:36:00Z,Umbrella Media 11,Ada 11,person11@example.com,North America,Business,Email,Security,Request,New,High,Margaret 24,Security,112,,3,1,Canvas export question 11
CASE-000012,2026-02-03T05:23:00Z,2026-02-09T19:49:00Z,Stark Logistics 12,Grace 12,person12@example.com,Europe,Enterprise,Chat,Integration,Incident,Open,Urgent,Alan 25,Support,123,,4,2,Delta latency question 12
CASE-000013,2026-02-06T12:36:00Z,2026-02-12T02:02:00Z,Wayne SaaS 13,Linus 13,person13@example.com,Asia Pacific,Free,Phone,Account,How-to,Waiting,Low,Katherine 26,Platform,134,594,5,,Echo login question 13
CASE-000014,2026-02-09T19:49:00Z,2026-02-15T09:15:00Z,Wonka Fintech 14,Margaret 14,person14@example.com,Middle East,Pro,Web,Billing,Bug,Resolved,Medium,Edsger 27,Growth,145,641,6,4,Forge billing question 14
CASE-000015,2026-02-12T02:02:00Z,2026-02-18T16:28:00Z,Acme Retail 15,Alan 15,person15@example.com,Latin America,Business,Partner,Data,Request,Closed,High,Radia 28,Design,156,688,0,5,Helix export question 15
CASE-000016,2026-02-15T09:15:00Z,2026-02-21T23:41:00Z,Globex Healthcare 16,Katherine 16,person16@example.com,North America,Enterprise,Email,Performance,Incident,New,Urgent,Barbara 29,Data,167,,1,1,Ion latency question 16
CASE-000017,2026-02-18T16:28:00Z,2026-02-24T06:54:00Z,Initech Media 17,Edsger 17,person17@example.com,Europe,Free,Chat,Security,How-to,Open,Low,Donald 30,Security,178,,2,2,Atlas login question 17
CASE-000018,2026-02-21T23:41:00Z,2026-02-27T13:07:00Z,Umbrella Logistics 18,Radia 18,person18@example.com,Asia Pacific,Pro,Phone,Integration,Bug,Waiting,Medium,Ada 1,Support,9,829,3,3,Beacon billing question 18
CASE-000019,2026-02-24T06:54:00Z,2026-03-02T20:20:00Z,Stark SaaS 19,Barbara 19,person19@example.com,Middle East,Business,Web,Account,Request,Resolved,High,Grace 2,Platform,20,876,4,,Canvas export question 19
CASE-000020,2026-02-27T13:07:00Z,2026-03-05T03:33:00Z,Wayne Fintech 20,Donald 20,person20@example.com,Latin America,Enterprise,Partner,Billing,Incident,Closed,Urgent,Linus 3,Growth,,923,5,5,Delta latency question 20
CASE-000021,2026-03-02T20:20:00Z,2026-03-08T10:46:00Z,Wonka Retail 21,Ada 21,person21@example.com,North America,Free,Email,Data,How-to,New,Low,Margaret 4,Design,42,,6,1,Echo login question 21
CASE-000022,2026-03-05T03:33:00Z,2026-03-11T17:59:00Z,Acme Healthcare 22,Grace 22,person22@example.com,Europe,Pro,Chat,Performance,Bug,Open,Medium,Alan 5,Data,53,,0,2,Forge billing question 22
CASE-000023,2026-03-08T10:46:00Z,2026-03-14T00:12:00Z,Globex Media 23,Linus 23,person23@example.com,Asia Pacific,Business,Phone,Security,Request,Waiting,High,Katherine 6,Security,64,1064,1,3,Helix export question 23
CASE-000024,2026-03-11T17:59:00Z,2026-03-17T07:25:00Z,Initech Logistics 24,Margaret 24,person24@example.com,Middle East,Enterprise,Web,Integration,Incident,Resolved,Urgent,Edsger 7,Support,75,1111,2,4,Ion latency question 24
CASE-000025,2026-03-14T00:12:00Z,2026-03-20T14:38:00Z,Umbrella SaaS 25,Alan 25,person25@example.com,Latin America,Free,Partner,Account,How-to,Closed,Low,Radia 8,Platform,86,1158,3,,Atlas login question 25
CASE-000026,2026-03-17T07:25:00Z,2026-03-23T21:51:00Z,Stark Fintech 26,Katherine 26,person26@example.com,North America,Pro,Email,Billing,Bug,New,Medium,Barbara 9,Growth,97,,4,1,Beacon billing question 26
CASE-000027,2026-03-20T14:38:00Z,2026-03-26T04:04:00Z,Wayne Retail 27,Edsger 27,person27@example.com,Europe,Business,Chat,Data,Request,Open,High,Donald 10,Design,108,,5,2,Canvas export question 27
CASE-000028,2026-03-23T21:51:00Z,2026-03-29T11:17:00Z,Wonka Healthcare 28,Radia 28,person28@example.com,Asia Pacific,Enterprise,Phone,Performance,Incident,Waiting,Urgent,Ada 11,Data,119,1299,6,3,Delta latency question 28
CASE-000029,2026-03-26T04:04:00Z,2026-04-01T18:30:00Z,Acme Media 29,Barbara 29,person29@example.com,Middle East,Free,Web,Security,How-to,Resolved,Low,Grace 12,Security,130,1346,0,4,Echo login question 29
CASE-000030,2026-03-29T11:17:00Z,2026-04-04T01:43:00Z,Globex Logistics 30,Donald 30,person30@example.com,Latin America,Pro,Partner,Integration,Bug,Closed,Medium,Linus 13,Support,141,1393,1,5,"Export includes commas, quotes ""and"" unusual values"
CASE-000031,2026-04-01T18:30:00Z,2026-04-07T08:56:00Z,Initech SaaS 31,Ada 1,person1@example.com,North America,Business,Email,Account,Request,New,High,Margaret 14,Platform,152,,2,,Helix export question 31
CASE-000032,2026-04-04T01:43:00Z,2026-04-10T15:09:00Z,Umbrella Fintech 32,Grace 2,person2@example.com,Europe,Enterprise,Chat,Billing,Incident,Open,Urgent,Alan 15,Growth,163,,3,2,Ion latency question 32
CASE-000033,2026-04-07T08:56:00Z,2026-04-13T22:22:00Z,Stark Retail 33,Linus 3,person3@example.com,Asia Pacific,Free,Phone,Data,How-to,Waiting,Low,Katherine 16,Design,174,1534,4,3,Atlas login question 33
CASE-000034,2026-04-10T15:09:00Z,2026-04-16T05:35:00Z,Wayne Healthcare 34,Margaret 4,person4@example.com,Middle East,Pro,Web,Performance,Bug,Resolved,Medium,Edsger 17,Data,5,1581,5,4,Beacon billing question 34
CASE-000035,2026-04-13T22:22:00Z,2026-04-19T12:48:00Z,Wonka Media 35,Alan 5,person5@example.com,Latin America,Business,Partner,Security,Request,Closed,High,Radia 18,Security,16,1628,6,5,Canvas export question 35
CASE-000036,2026-04-16T05:35:00Z,2026-04-22T19:01:00Z,Acme Logistics 36,Katherine 6,person6@example.com,North America,Enterprise,Email,Integration,Incident,New,Urgent,Barbara 19,Support,27,,0,1,Delta latency question 36
CASE-000037,2026-04-19T12:48:00Z,2026-04-25T02:14:00Z,Globex SaaS 37,Edsger 7,person7@example.com,Europe,Free,Chat,Account,How-to,Open,Low,Donald 20,Platform,38,,1,,Echo login question 37
CASE-000038,2026-04-22T19:01:00Z,2026-04-28T09:27:00Z,Initech Fintech 38,Radia 8,person8@example.com,Asia Pacific,Pro,Phone,Billing,Bug,Waiting,Medium,Ada 21,Growth,49,1769,2,3,Forge billing question 38
CASE-000039,2026-04-25T02:14:00Z,2026-05-01T16:40:00Z,Umbrella Retail 39,Barbara 9,person9@example.com,Middle East,Business,Web,Data,Request,Resolved,High,Grace 22,Design,,1816,3,4,Helix export question 39
CASE-000040,2026-04-28T09:27:00Z,2026-05-04T23:53:00Z,Stark Healthcare 40,Donald 10,person10@example.com,Latin America,Enterprise,Partner,Performance,Incident,Closed,Urgent,Linus 23,Data,71,1863,4,5,Ion latency question 40
CASE-000041,2026-05-01T16:40:00Z,2026-05-07T06:06:00Z,Wayne Media 41,Ada 11,person11@example.com,North America,Free,Email,Security,How-to,New,Low,Margaret 24,Security,82,,5,1,Atlas login question 41
CASE-000042,2026-05-04T23:53:00Z,2026-05-10T13:19:00Z,Wonka Logistics 42,Grace 12,person12@example.com,Europe,Pro,Chat,Integration,Bug,Open,Medium,Alan 25,Support,93,,6,2,Beacon billing question 42
CASE-000043,2026-05-07T06:06:00Z,2026-05-13T20:32:00Z,Acme SaaS 43,Linus 13,person13@example.com,Asia Pacific,Business,Phone,Account,Request,Waiting,High,Katherine 26,Platform,104,2004,0,,Canvas export question 43
CASE-000044,2026-05-10T13:19:00Z,2026-05-16T03:45:00Z,Globex Fintech 44,Margaret 14,person14@example.com,Middle East,Enterprise,Web,Billing,Incident,Resolved,Urgent,Edsger 27,Growth,115,2051,1,4,Delta latency question 44
CASE-000045,2026-05-13T20:32:00Z,2026-05-19T10:58:00Z,Initech Retail 45,Alan 15,person15@example.com,Latin America,Free,Partner,Data,How-to,Closed,Low,Radia 28,Design,126,2098,2,5,Echo login question 45
CASE-000046,2026-05-16T03:45:00Z,2026-05-22T17:11:00Z,Umbrella Healthcare 46,Katherine 16,person16@example.com,North America,Pro,Email,Performance,Bug,New,Medium,Barbara 29,Data,137,,3,1,Forge billing question 46
CASE-000047,2026-05-19T10:58:00Z,2026-05-25T00:24:00Z,Stark Media 47,Edsger 17,person17@example.com,Europe,Business,Chat,Security,Request,Open,High,Donald 30,Security,148,,4,2,Helix export question 47
CASE-000048,2026-05-22T17:11:00Z,2026-05-28T07:37:00Z,Wayne Logistics 48,Radia 18,person18@example.com,Asia Pacific,Enterprise,Phone,Integration,Incident,Waiting,Urgent,Ada 1,Support,159,2239,5,3,Ion latency question 48
CASE-000049,2026-05-25T00:24:00Z,2026-05-31T14:50:00Z,Wonka SaaS 49,Barbara 19,person19@example.com,Middle East,Free,Web,Account,How-to,Resolved,Low,Grace 2,Platform,170,2286,6,,Atlas login question 49
CASE-000050,2026-05-28T07:37:00Z,2026-06-03T21:03:00Z,Acme Fintech 50,Donald 20,person20@example.com,Latin America,Pro,Partner,Billing,Bug,Closed,Medium,Linus 3,Growth,181,2333,0,5,Beacon billing question 50
CASE-000051,2026-05-31T14:50:00Z,2026-06-06T04:16:00Z,Globex Retail 51,Ada 21,person21@example.com,North America,Business,Email,Data,Request,New,High,Margaret 4,Design,12,,1,1,Canvas export question 51
CASE-000052,2026-06-03T21:03:00Z,2026-06-09T11:29:00Z,Initech Healthcare 52,Grace 22,person22@example.com,Europe,Enterprise,Chat,Performance,Incident,Open,Urgent,Alan 5,Data,23,,2,2,Delta latency question 52
CASE-000053,2026-06-06T04:16:00Z,2026-06-12T18:42:00Z,Umbrella Media 53,Linus 23,person23@example.com,Asia Pacific,Free,Phone,Security,How-to,Waiting,Low,Katherine 6,Security,34,2474,3,3,Echo login question 53
CASE-000054,2026-06-09T11:29:00Z,2026-06-15T01:55:00Z,Stark Logistics 54,Margaret 24,person24@example.com,Middle East,Pro,Web,Integration,Bug,Resolved,Medium,Edsger 7,Support,45,2521,4,4,Forge billing question 54
CASE-000055,2026-06-12T18:42:00Z,2026-06-18T08:08:00Z,Wayne SaaS 55,Alan 25,person25@example.com,Latin America,Business,Partner,Account,Request,Closed,High,Radia 8,Platform,56,2568,5,,Helix export question 55
CASE-000056,2026-06-15T01:55:00Z,2026-06-21T15:21:00Z,Wonka Fintech 56,Katherine 26,person26@example.com,North America,Enterprise,Email,Billing,Incident,New,Urgent,Barbara 9,Growth,67,,6,1,Ion latency question 56
CASE-000057,2026-06-18T08:08:00Z,2026-06-24T22:34:00Z,Acme Retail 57,Edsger 27,person27@example.com,Europe,Free,Chat,Data,How-to,Open,Low,Donald 10,Design,78,,0,2,Atlas login question 57
CASE-000058,2026-06-21T15:21:00Z,2026-06-27T05:47:00Z,Globex Healthcare 58,Radia 28,person28@example.com,Asia Pacific,Pro,Phone,Performance,Bug,Waiting,Medium,Ada 11,Data,,2709,1,3,Beacon billing question 58
CASE-000059,2026-06-24T22:34:00Z,2026-06-30T12:00:00Z,Initech Media 59,Barbara 29,person29@example.com,Middle East,Business,Web,Security,Request,Resolved,High,Grace 12,Security,100,2756,2,4,"Export includes commas, quotes ""and"" unusual values"
CASE-000060,2026-06-27T05:47:00Z,2026-07-03T19:13:00Z,Umbrella Logistics 60,Donald 30,person30@example.com,Latin America,Enterprise,Partner,Integration,Incident,Closed,Urgent,Linus 13,Support,111,2803,3,5,Delta latency question 60
CASE-000061,2026-06-30T12:00:00Z,2026-07-06T02:26:00Z,Stark SaaS 61,Ada 1,person1@example.com,North America,Free,Email,Account,How-to,New,Low,Margaret 14,Platform,122,,4,,Echo login question 61
CASE-000062,2026-07-03T19:13:00Z,2026-07-09T09:39:00Z,Wayne Fintech 62,Grace 2,person2@example.com,Europe,Pro,Chat,Billing,Bug,Open,Medium,Alan 15,Growth,133,,5,2,Forge billing question 62
CASE-000063,2026-07-06T02:26:00Z,2026-07-12T16:52:00Z,Wonka Retail 63,Linus 3,person3@example.com,Asia Pacific,Business,Phone,Data,Request,Waiting,High,Katherine 16,Design,144,2944,6,3,Helix export question 63
CASE-000064,2026-07-09T09:39:00Z,2026-07-15T23:05:00Z,Acme Healthcare 64,Margaret 4,person4@example.com,Middle East,Enterprise,Web,Performance,Incident,Resolved,Urgent,Edsger 17,Data,155,2991,0,4,Ion latency question 64
CASE-000065,2026-07-12T16:52:00Z,2026-07-18T06:18:00Z,Globex Media 65,Alan 5,person5@example.com,Latin America,Free,Partner,Security,How-to,Closed,Low,Radia 18,Security,166,3038,1,5,Atlas login question 65
CASE-000066,2026-07-15T23:05:00Z,2026-07-21T13:31:00Z,Initech Logistics 66,Katherine 6,person6@example.com,North America,Pro,Email,Integration,Bug,New,Medium,Barbara 19,Support,177,,2,1,Beacon billing question 66
CASE-000067,2026-07-18T06:18:00Z,2026-07-24T20:44:00Z,Umbrella SaaS 67,Edsger 7,person7@example.com,Europe,Business,Chat,Account,Request,Open,High,Donald 20,Platform,8,,3,,Canvas export question 67
CASE-000068,2026-07-21T13:31:00Z,2026-07-27T03:57:00Z,Stark Fintech 68,Radia 8,person8@example.com,Asia Pacific,Enterprise,Phone,Billing,Incident,Waiting,Urgent,Ada 21,Growth,19,3179,4,3,Delta latency question 68
CASE-000069,2026-07-24T20:44:00Z,2026-07-30T10:10:00Z,Wayne Retail 69,Barbara 9,person9@example.com,Middle East,Free,Web,Data,How-to,Resolved,Low,Grace 22,Design,30,3226,5,4,Echo login question 69
CASE-000070,2026-07-27T03:57:00Z,2026-08-02T17:23:00Z,Wonka Healthcare 70,Donald 10,person10@example.com,Latin America,Pro,Partner,Performance,Bug,Closed,Medium,Linus 23,Data,41,3273,6,5,Forge billing question 70
CASE-000071,2026-07-30T10:10:00Z,2026-08-05T00:36:00Z,Acme SaaS 1,Ada 11,person11@example.com,North America,Business,Email,Security,Request,New,High,Margaret 24,Security,52,,0,1,Helix export question 71
CASE-000072,2026-08-02T17:23:00Z,2026-08-08T07:49:00Z,Globex Fintech 2,Grace 12,person12@example.com,Europe,Enterprise,Chat,Integration,Incident,Open,Urgent,Alan 25,Support,63,,1,2,Ion latency question 72
CASE-000073,2026-08-05T00:36:00Z,2026-08-11T14:02:00Z,Initech Retail 3,Linus 13,person13@example.com,Asia Pacific,Free,Phone,Account,How-to,Waiting,Low,Katherine 26,Platform,74,3414,2,,Atlas login question 73
CASE-000074,2026-08-08T07:49:00Z,2026-08-14T21:15:00Z,Umbrella Healthcare 4,Margaret 14,person14@example.com,Middle East,Pro,Web,Billing,Bug,Resolved,Medium,Edsger 27,Growth,85,3461,3,4,Beacon billing question 74
CASE-000075,2026-08-11T14:02:00Z,2026-08-17T04:28:00Z,Stark Media 5,Alan 15,person15@example.com,Latin America,Business,Partner,Data,Request,Closed,High,Radia 28,Design,96,3508,4,5,Canvas export question 75
CASE-000076,2026-08-14T21:15:00Z,2026-08-20T11:41:00Z,Wayne Logistics 6,Katherine 16,person16@example.com,North America,Enterprise,Email,Performance,Incident,New,Urgent,Barbara 29,Data,107,,5,1,Delta latency question 76
CASE-000077,2026-08-17T04:28:00Z,2026-08-23T18:54:00Z,Wonka SaaS 7,Edsger 17,person17@example.com,Europe,Free,Chat,Security,How-to,Open,Low,Donald 30,Security,,,6,2,Echo login question 77
CASE-000078,2026-08-20T11:41:00Z,2026-08-26T01:07:00Z,Acme Fintech 8,Radia 18,person18@example.com,Asia Pacific,Pro,Phone,Integration,Bug,Waiting,Medium,Ada 1,Support,129,3649,0,3,Forge billing question 78
CASE-000079,2026-08-23T18:54:00Z,2026-08-29T08:20:00Z,Globex Retail 9,Barbara 19,person19@example.com,Middle East,Business,Web,Account,Request,Resolved,High,Grace 2,Platform,140,3696,1,,Helix export question 79
CASE-000080,2026-08-26T01:07:00Z,2026-09-01T15:33:00Z,Initech Healthcare 10,Donald 20,person20@example.com,Latin America,Enterprise,Partner,Billing,Incident,Closed,Urgent,Linus 3,Growth,151,3743,2,5,Ion latency question 80
CASE-000081,2026-08-29T08:20:00Z,2026-09-04T22:46:00Z,Umbrella Media 11,Ada 21,person21@example.com,North America,Free,Email,Data,How-to,New,Low,Margaret 4,Design,162,,3,1,Atlas login question 81
CASE-000082,2026-09-01T15:33:00Z,2026-09-07T05:59:00Z,Stark Logistics 12,Grace 22,person22@example.com,Europe,Pro,Chat,Performance,Bug,Open,Medium,Alan 5,Data,173,,4,2,Beacon billing question 82
CASE-000083,2026-09-04T22:46:00Z,2026-09-10T12:12:00Z,Wayne SaaS 13,Linus 23,person23@example.com,Asia Pacific,Business,Phone,Security,Request,Waiting,High,Katherine 6,Security,4,3884,5,3,Canvas export question 83
CASE-000084,2026-09-07T05:59:00Z,2026-09-13T19:25:00Z,Wonka Fintech 14,Margaret 24,person24@example.com,Middle East,Enterprise,Web,Integration,Incident,Resolved,Urgent,Edsger 7,Support,15,3931,6,4,Delta latency question 84
CASE-000085,2026-09-10T12:12:00Z,2026-09-16T02:38:00Z,Acme Retail 15,Alan 25,person25@example.com,Latin America,Free,Partner,Account,How-to,Closed,Low,Radia 8,Platform,26,3978,0,,Echo login question 85
CASE-000086,2026-09-13T19:25:00Z,2026-09-19T09:51:00Z,Globex Healthcare 16,Katherine 26,person26@example.com,North America,Pro,Email,Billing,Bug,New,Medium,Barbara 9,Growth,37,,1,1,Forge billing question 86
CASE-000087,2026-09-16T02:38:00Z,2026-09-22T16:04:00Z,Initech Media 17,Edsger 27,person27@example.com,Europe,Business,Chat,Data,Request,Open,High,Donald 10,Design,48,,2,2,Helix export question 87
CASE-000088,2026-09-19T09:51:00Z,2026-09-25T23:17:00Z,Umbrella Logistics 18,Radia 28,person28@example.com,Asia Pacific,Enterprise,Phone,Performance,Incident,Waiting,Urgent,Ada 11,Data,59,119,3,3,"Export includes commas, quotes ""and"" unusual values"
CASE-000089,2026-09-22T16:04:00Z,2026-09-28T06:30:00Z,Stark SaaS 19,Barbara 29,person29@example.com,Middle East,Free,Web,Security,How-to,Resolved,Low,Grace 12,Security,70,166,4,4,Atlas login question 89
CASE-000090,2026-09-25T23:17:00Z,2026-10-01T13:43:00Z,Wayne Fintech 20,Donald 30,person30@example.com,Latin America,Pro,Partner,Integration,Bug,Closed,Medium,Linus 13,Support,81,213,5,5,Beacon billing question 90
CASE-000091,2026-09-28T06:30:00Z,2026-10-04T20:56:00Z,Wonka Retail 21,Ada 1,person1@example.com,North America,Business,Email,Account,Request,New,High,Margaret 14,Platform,92,,6,,Canvas export question 91
CASE-000092,2026-10-01T13:43:00Z,2026-10-07T03:09:00Z,Acme Healthcare 22,Grace 2,person2@example.com,Europe,Enterprise,Chat,Billing,Incident,Open,Urgent,Alan 15,Growth,103,,0,2,Delta latency question 92
CASE-000093,2026-10-04T20:56:00Z,2026-10-10T10:22:00Z,Globex Media 23,Linus 3,person3@example.com,Asia Pacific,Free,Phone,Data,How-to,Waiting,Low,Katherine 16,Design,114,354,1,3,Echo login question 93
CASE-000094,2026-10-07T03:09:00Z,2026-10-13T17:35:00Z,Initech Logistics 24,Margaret 4,person4@example.com,Middle East,Pro,Web,Performance,Bug,Resolved,Medium,Edsger 17,Data,125,401,2,4,Forge billing question 94
CASE-000095,2026-10-10T10:22:00Z,2026-10-16T00:48:00Z,Umbrella SaaS 25,Alan 5,person5@example.com,Latin America,Business,Partner,Security,Request,Closed,High,Radia 18,Security,136,448,3,5,Helix export question 95
CASE-000096,2026-10-13T17:35:00Z,2026-10-19T07:01:00Z,Stark Fintech 26,Katherine 6,person6@example.com,North America,Enterprise,Email,Integration,Incident,New,Urgent,Barbara 19,Support,,,4,1,Ion latency question 96
CASE-000097,2026-10-16T00:48:00Z,2026-10-22T14:14:00Z,Wayne Retail 27,Edsger 7,person7@example.com,Europe,Free,Chat,Account,How-to,Open,Low,Donald 20,Platform,158,,5,,Atlas login question 97
CASE-000098,2026-10-19T07:01:00Z,2026-10-25T21:27:00Z,Wonka Healthcare 28,Radia 8,person8@example.com,Asia Pacific,Pro,Phone,Billing,Bug,Waiting,Medium,Ada 21,Growth,169,589,6,3,Beacon billing question 98
CASE-000099,2026-10-22T14:14:00Z,2026-10-28T04:40:00Z,Acme Media 29,Barbara 9,person9@example.com,Middle East,Business,Web,Data,Request,Resolved,High,Grace 22,Design,180,636,0,4,Canvas export question 99
CASE-000100,2026-10-25T21:27:00Z,2026-10-31T11:53:00Z,Globex Logistics 30,Donald 10,person10@example.com,Latin America,Enterprise,Partner,Performance,Incident,Closed,Urgent,Linus 23,Data,11,683,1,5,Delta latency question 100
CASE-000101,2026-10-28T04:40:00Z,2026-11-03T18:06:00Z,Initech SaaS 31,Ada 11,person11@example.com,North America,Free,Email,Security,How-to,New,Low,Margaret 24,Security,22,,2,1,Echo login question 101
CASE-000102,2026-10-31T11:53:00Z,2026-11-06T01:19:00Z,Umbrella Fintech 32,Grace 12,person12@example.com,Europe,Pro,Chat,Integration,Bug,Open,Medium,Alan 25,Support,33,,3,2,Forge billing question 102
CASE-000103,2026-11-03T18:06:00Z,2026-11-09T08:32:00Z,Stark Retail 33,Linus 13,person13@example.com,Asia Pacific,Business,Phone,Account,Request,Waiting,High,Katherine 26,Platform,44,824,4,,Helix export question 103
CASE-000104,2026-11-06T01:19:00Z,2026-11-12T15:45:00Z,Wayne Healthcare 34,Margaret 14,person14@example.com,Middle East,Enterprise,Web,Billing,Incident,Resolved,Urgent,Edsger 27,Growth,55,871,5,4,Ion latency question 104
CASE-000105,2026-11-09T08:32:00Z,2026-11-15T22:58:00Z,Wonka Media 35,Alan 15,person15@example.com,Latin America,Free,Partner,Data,How-to,Closed,Low,Radia 28,Design,66,918,6,5,Atlas login question 105
CASE-000106,2026-11-12T15:45:00Z,2026-11-18T05:11:00Z,Acme Logistics 36,Katherine 16,person16@example.com,North America,Pro,Email,Performance,Bug,New,Medium,Barbara 29,Data,77,,0,1,Beacon billing question 106
CASE-000107,2026-11-15T22:58:00Z,2026-11-21T12:24:00Z,Globex SaaS 37,Edsger 17,person17@example.com,Europe,Business,Chat,Security,Request,Open,High,Donald 30,Security,88,,1,2,Canvas export question 107
CASE-000108,2026-11-18T05:11:00Z,2026-11-24T19:37:00Z,Initech Fintech 38,Radia 18,person18@example.com,Asia Pacific,Enterprise,Phone,Integration,Incident,Waiting,Urgent,Ada 1,Support,99,1059,2,3,Delta latency question 108
CASE-000109,2026-11-21T12:24:00Z,2026-01-01T02:50:00Z,Umbrella Retail 39,Barbara 19,person19@example.com,Middle East,Free,Web,Account,How-to,Resolved,Low,Grace 2,Platform,110,1106,3,,Echo login question 109
CASE-000110,2026-11-24T19:37:00Z,2026-01-04T09:03:00Z,Stark Healthcare 40,Donald 20,person20@example.com,Latin America,Pro,Partner,Billing,Bug,Closed,Medium,Linus 3,Growth,121,1153,4,5,Forge billing question 110
CASE-000111,2026-01-01T02:50:00Z,2026-01-07T16:16:00Z,Wayne Media 41,Ada 21,person21@example.com,North America,Business,Email,Data,Request,New,High,Margaret 4,Design,132,,5,1,Helix export question 111
CASE-000112,2026-01-04T09:03:00Z,2026-01-10T23:29:00Z,Wonka Logistics 42,Grace 22,person22@example.com,Europe,Enterprise,Chat,Performance,Incident,Open,Urgent,Alan 5,Data,143,,6,2,Ion latency question 112
CASE-000113,2026-01-07T16:16:00Z,2026-01-13T06:42:00Z,Acme SaaS 43,Linus 23,person23@example.com,Asia Pacific,Free,Phone,Security,How-to,Waiting,Low,Katherine 6,Security,154,1294,0,3,Atlas login question 113
CASE-000114,2026-01-10T23:29:00Z,2026-01-16T13:55:00Z,Globex Fintech 44,Margaret 24,person24@example.com,Middle East,Pro,Web,Integration,Bug,Resolved,Medium,Edsger 7,Support,165,1341,1,4,Beacon billing question 114
CASE-000115,2026-01-13T06:42:00Z,2026-01-19T20:08:00Z,Initech Retail 45,Alan 25,person25@example.com,Latin America,Business,Partner,Account,Request,Closed,High,Radia 8,Platform,,1388,2,,Canvas export question 115
CASE-000116,2026-01-16T13:55:00Z,2026-01-22T03:21:00Z,Umbrella Healthcare 46,Katherine 26,person26@example.com,North America,Enterprise,Email,Billing,Incident,New,Urgent,Barbara 9,Growth,7,,3,1,Delta latency question 116
CASE-000117,2026-01-19T20:08:00Z,2026-01-25T10:34:00Z,Stark Media 47,Edsger 27,person27@example.com,Europe,Free,Chat,Data,How-to,Open,Low,Donald 10,Design,18,,4,2,"Export includes commas, quotes ""and"" unusual values"
CASE-000118,2026-01-22T03:21:00Z,2026-01-28T17:47:00Z,Wayne Logistics 48,Radia 28,person28@example.com,Asia Pacific,Pro,Phone,Performance,Bug,Waiting,Medium,Ada 11,Data,29,1529,5,3,Forge billing question 118
CASE-000119,2026-01-25T10:34:00Z,2026-01-31T00:00:00Z,Wonka SaaS 49,Barbara 29,person29@example.com,Middle East,Business,Web,Security,Request,Resolved,High,Grace 12,Security,40,1576,6,4,Helix export question 119
CASE-000120,2026-01-28T17:47:00Z,2026-02-03T07:13:00Z,Acme Fintech 50,Donald 30,person30@example.com,Latin America,Enterprise,Partner,Integration,Incident,Closed,Urgent,Linus 13,Support,51,1623,0,5,Ion latency question 120
CASE-000121,2026-01-31T00:00:00Z,2026-02-06T14:26:00Z,Globex Retail 51,Ada 1,person1@example.com,North America,Free,Email,Account,How-to,New,Low,Margaret 14,Platform,62,,1,,Atlas login question 121
CASE-000122,2026-02-03T07:13:00Z,2026-02-09T21:39:00Z,Initech Healthcare 52,Grace 2,person2@example.com,Europe,Pro,Chat,Billing,Bug,Open,Medium,Alan 15,Growth,73,,2,2,Beacon billing question 122
CASE-000123,2026-02-06T14:26:00Z,2026-02-12T04:52:00Z,Umbrella Media 53,Linus 3,person3@example.com,Asia Pacific,Business,Phone,Data,Request,Waiting,High,Katherine 16,Design,84,1764,3,3,Canvas export question 123
CASE-000124,2026-02-09T21:39:00Z,2026-02-15T11:05:00Z,Stark Logistics 54,Margaret 4,person4@example.com,Middle East,Enterprise,Web,Performance,Incident,Resolved,Urgent,Edsger 17,Data,95,1811,4,4,Delta latency question 124
CASE-000125,2026-02-12T04:52:00Z,2026-02-18T18:18:00Z,Wayne SaaS 55,Alan 5,person5@example.com,Latin America,Free,Partner,Security,How-to,Closed,Low,Radia 18,Security,106,1858,5,5,Echo login question 125
CASE-000126,2026-02-15T11:05:00Z,2026-02-21T01:31:00Z,Wonka Fintech 56,Katherine 6,person6@example.com,North America,Pro,Email,Integration,Bug,New,Medium,Barbara 19,Support,117,,6,1,Forge billing question 126
CASE-000127,2026-02-18T18:18:00Z,2026-02-24T08:44:00Z,Acme Retail 57,Edsger 7,person7@example.com,Europe,Business,Chat,Account,Request,Open,High,Donald 20,Platform,128,,0,,Helix export question 127
CASE-000128,2026-02-21T01:31:00Z,2026-02-27T15:57:00Z,Globex Healthcare 58,Radia 8,person8@example.com,Asia Pacific,Enterprise,Phone,Billing,Incident,Waiting,Urgent,Ada 21,Growth,139,1999,1,3,Ion latency question 128
CASE-000129,2026-02-24T08:44:00Z,2026-03-02T22:10:00Z,Initech Media 59,Barbara 9,person9@example.com,Middle East,Free,Web,Data,How-to,Resolved,Low,Grace 22,Design,150,2046,2,4,Atlas login question 129
CASE-000130,2026-02-27T15:57:00Z,2026-03-05T05:23:00Z,Umbrella Logistics 60,Donald 10,person10@example.com,Latin America,Pro,Partner,Performance,Bug,Closed,Medium,Linus 23,Data,161,2093,3,5,Beacon billing question 130
CASE-000131,2026-03-02T22:10:00Z,2026-03-08T12:36:00Z,Stark SaaS 61,Ada 11,person11@example.com,North America,Business,Email,Security,Request,New,High,Margaret 24,Security,172,,4,1,Canvas export question 131
CASE-000132,2026-03-05T05:23:00Z,2026-03-11T19:49:00Z,Wayne Fintech 62,Grace 12,person12@example.com,Europe,Enterprise,Chat,Integration,Incident,Open,Urgent,Alan 25,Support,3,,5,2,Delta latency question 132
CASE-000133,2026-03-08T12:36:00Z,2026-03-14T02:02:00Z,Wonka Retail 63,Linus 13,person13@example.com,Asia Pacific,Free,Phone,Account,How-to,Waiting,Low,Katherine 26,Platform,14,2234,6,,Echo login question 133
CASE-000134,2026-03-11T19:49:00Z,2026-03-17T09:15:00Z,Acme Healthcare 64,Margaret 14,person14@example.com,Middle East,Pro,Web,Billing,Bug,Resolved,Medium,Edsger 27,Growth,,2281,0,4,Forge billing question 134
CASE-000135,2026-03-14T02:02:00Z,2026-03-20T16:28:00Z,Globex Media 65,Alan 15,person15@example.com,Latin America,Business,Partner,Data,Request,Closed,High,Radia 28,Design,36,2328,1,5,Helix export question 135
CASE-000136,2026-03-17T09:15:00Z,2026-03-23T23:41:00Z,Initech Logistics 66,Katherine 16,person16@example.com,North America,Enterprise,Email,Performance,Incident,New,Urgent,Barbara 29,Data,47,,2,1,Ion latency question 136
CASE-000137,2026-03-20T16:28:00Z,2026-03-26T06:54:00Z,Umbrella SaaS 67,Edsger 17,person17@example.com,Europe,Free,Chat,Security,How-to,Open,Low,Donald 30,Security,58,,3,2,Atlas login question 137
CASE-000138,2026-03-23T23:41:00Z,2026-03-29T13:07:00Z,Stark Fintech 68,Radia 18,person18@example.com,Asia Pacific,Pro,Phone,Integration,Bug,Waiting,Medium,Ada 1,Support,69,2469,4,3,Beacon billing question 138
CASE-000139,2026-03-26T06:54:00Z,2026-04-01T20:20:00Z,Wayne Retail 69,Barbara 19,person19@example.com,Middle East,Business,Web,Account,Request,Resolved,High,Grace 2,Platform,80,2516,5,,Canvas export question 139
CASE-000140,2026-03-29T13:07:00Z,2026-04-04T03:33:00Z,Wonka Healthcare 70,Donald 20,person20@example.com,Latin America,Enterprise,Partner,Billing,Incident,Closed,Urgent,Linus 3,Growth,91,2563,6,5,Delta latency question 140
CASE-000141,2026-04-01T20:20:00Z,2026-04-07T10:46:00Z,Acme SaaS 1,Ada 21,person21@example.com,North America,Free,Email,Data,How-to,New,Low,Margaret 4,Design,102,,0,1,Echo login question 141
CASE-000142,2026-04-04T03:33:00Z,2026-04-10T17:59:00Z,Globex Fintech 2,Grace 22,person22@example.com,Europe,Pro,Chat,Performance,Bug,Open,Medium,Alan 5,Data,113,,1,2,Forge billing question 142
CASE-000143,2026-04-07T10:46:00Z,2026-04-13T00:12:00Z,Initech Retail 3,Linus 23,person23@example.com,Asia Pacific,Business,Phone,Security,Request,Waiting,High,Katherine 6,Security,124,2704,2,3,Helix export question 143
CASE-000144,2026-04-10T17:59:00Z,2026-04-16T07:25:00Z,Umbrella Healthcare 4,Margaret 24,person24@example.com,Middle East,Enterprise,Web,Integration,Incident,Resolved,Urgent,Edsger 7,Support,135,2751,3,4,Ion latency question 144
CASE-000145,2026-04-13T00:12:00Z,2026-04-19T14:38:00Z,Stark Media 5,Alan 25,person25@example.com,Latin America,Free,Partner,Account,How-to,Closed,Low,Radia 8,Platform,146,2798,4,,Atlas login question 145
CASE-000146,2026-04-16T07:25:00Z,2026-04-22T21:51:00Z,Wayne Logistics 6,Katherine 26,person26@example.com,North America,Pro,Email,Billing,Bug,New,Medium,Barbara 9,Growth,157,,5,1,"Export includes commas, quotes ""and"" unusual values"
CASE-000147,2026-04-19T14:38:00Z,2026-04-25T04:04:00Z,Wonka SaaS 7,Edsger 27,person27@example.com,Europe,Business,Chat,Data,Request,Open,High,Donald 10,Design,168,,6,2,Canvas export question 147
CASE-000148,2026-04-22T21:51:00Z,2026-04-28T11:17:00Z,Acme Fintech 8,Radia 28,person28@example.com,Asia Pacific,Enterprise,Phone,Performance,Incident,Waiting,Urgent,Ada 11,Data,179,2939,0,3,Delta latency question 148
CASE-000149,2026-04-25T04:04:00Z,2026-05-01T18:30:00Z,Globex Retail 9,Barbara 29,person29@example.com,Middle East,Free,Web,Security,How-to,Resolved,Low,Grace 12,Security,10,2986,1,4,Echo login question 149
CASE-000150,2026-04-28T11:17:00Z,2026-05-04T01:43:00Z,Initech Healthcare 10,Donald 30,person30@example.com,Latin America,Pro,Partner,Integration,Bug,Closed,Medium,Linus 13,Support,21,3033,2,5,Forge billing question 150
CASE-000151,2026-05-01T18:30:00Z,2026-05-07T08:56:00Z,Umbrella Media 11,Ada 1,person1@example.com,North America,Business,Email,Account,Request,New,High,Margaret 14,Platform,32,,3,,Helix export question 151
CASE-000152,2026-05-04T01:43:00Z,2026-05-10T15:09:00Z,Stark Logistics 12,Grace 2,person2@example.com,Europe,Enterprise,Chat,Billing,Incident,Open,Urgent,Alan 15,Growth,43,,4,2,Ion latency question 152
CASE-000153,2026-05-07T08:56:00Z,2026-05-13T22:22:00Z,Wayne SaaS 13,Linus 3,person3@example.com,Asia Pacific,Free,Phone,Data,How-to,Waiting,Low,Katherine 16,Design,,3174,5,3,Atlas login question 153
CASE-000154,2026-05-10T15:09:00Z,2026-05-16T05:35:00Z,Wonka Fintech 14,Margaret 4,person4@example.com,Middle East,Pro,Web,Performance,Bug,Resolved,Medium,Edsger 17,Data,65,3221,6,4,Beacon billing question 154
CASE-000155,2026-05-13T22:22:00Z,2026-05-19T12:48:00Z,Acme Retail 15,Alan 5,person5@example.com,Latin America,Business,Partner,Security,Request,Closed,High,Radia 18,Security,76,3268,0,5,Canvas export question 155
CASE-000156,2026-05-16T05:35:00Z,2026-05-22T19:01:00Z,Globex Healthcare 16,Katherine 6,person6@example.com,North America,Enterprise,Email,Integration,Incident,New,Urgent,Barbara 19,Support,87,,1,1,Delta latency question 156
CASE-000157,2026-05-19T12:48:00Z,2026-05-25T02:14:00Z,Initech Media 17,Edsger 7,person7@example.com,Europe,Free,Chat,Account,How-to,Open,Low,Donald 20,Platform,98,,2,,Echo login question 157
CASE-000158,2026-05-22T19:01:00Z,2026-05-28T09:27:00Z,Umbrella Logistics 18,Radia 8,person8@example.com,Asia Pacific,Pro,Phone,Billing,Bug,Waiting,Medium,Ada 21,Growth,109,3409,3,3,Forge billing question 158
CASE-000159,2026-05-25T02:14:00Z,2026-05-31T16:40:00Z,Stark SaaS 19,Barbara 9,person9@example.com,Middle East,Business,Web,Data,Request,Resolved,High,Grace 22,Design,120,3456,4,4,Helix export question 159
CASE-000160,2026-05-28T09:27:00Z,2026-06-03T23:53:00Z,Wayne Fintech 20,Donald 10,person10@example.com,Latin America,Enterprise,Partner,Performance,Incident,Closed,Urgent,Linus 23,Data,131,3503,5,5,Ion latency question 160
CASE-000161,2026-05-31T16:40:00Z,2026-06-06T06:06:00Z,Wonka Retail 21,Ada 11,person11@example.com,North America,Free,Email,Security,How-to,New,Low,Margaret 24,Security,142,,6,1,Atlas login question 161
CASE-000162,2026-06-03T23:53:00Z,2026-06-09T13:19:00Z,Acme Healthcare 22,Grace 12,person12@example.com,Europe,Pro,Chat,Integration,Bug,Open,Medium,Alan 25,Support,153,,0,2,Beacon billing question 162
CASE-000163,2026-06-06T06:06:00Z,2026-06-12T20:32:00Z,Globex Media 23,Linus 13,person13@example.com,Asia Pacific,Business,Phone,Account,Request,Waiting,High,Katherine 26,Platform,164,3644,1,,Canvas export question 163
CASE-000164,2026-06-09T13:19:00Z,2026-06-15T03:45:00Z,Initech Logistics 24,Margaret 14,person14@example.com,Middle East,Enterprise,Web,Billing,Incident,Resolved,Urgent,Edsger 27,Growth,175,3691,2,4,Delta latency question 164
CASE-000165,2026-06-12T20:32:00Z,2026-06-18T10:58:00Z,Umbrella SaaS 25,Alan 15,person15@example.com,Latin America,Free,Partner,Data,How-to,Closed,Low,Radia 28,Design,6,3738,3,5,Echo login question 165
CASE-000166,2026-06-15T03:45:00Z,2026-06-21T17:11:00Z,Stark Fintech 26,Katherine 16,person16@example.com,North America,Pro,Email,Performance,Bug,New,Medium,Barbara 29,Data,17,,4,1,Forge billing question 166
CASE-000167,2026-06-18T10:58:00Z,2026-06-24T00:24:00Z,Wayne Retail 27,Edsger 17,person17@example.com,Europe,Business,Chat,Security,Request,Open,High,Donald 30,Security,28,,5,2,Helix export question 167
CASE-000168,2026-06-21T17:11:00Z,2026-06-27T07:37:00Z,Wonka Healthcare 28,Radia 18,person18@example.com,Asia Pacific,Enterprise,Phone,Integration,Incident,Waiting,Urgent,Ada 1,Support,39,3879,6,3,Ion latency question 168
CASE-000169,2026-06-24T00:24:00Z,2026-06-30T14:50:00Z,Acme Media 29,Barbara 19,person19@example.com,Middle East,Free,Web,Account,How-to,Resolved,Low,Grace 2,Platform,50,3926,0,,Atlas login question 169
CASE-000170,2026-06-27T07:37:00Z,2026-07-03T21:03:00Z,Globex Logistics 30,Donald 20,person20@example.com,Latin America,Pro,Partner,Billing,Bug,Closed,Medium,Linus 3,Growth,61,3973,1,5,Beacon billing question 170
CASE-000171,2026-06-30T14:50:00Z,2026-07-06T04:16:00Z,Initech SaaS 31,Ada 21,person21@example.com,North America,Business,Email,Data,Request,New,High,Margaret 4,Design,72,,2,1,Canvas export question 171
CASE-000172,2026-07-03T21:03:00Z,2026-07-09T11:29:00Z,Umbrella Fintech 32,Grace 22,person22@example.com,Europe,Enterprise,Chat,Performance,Incident,Open,Urgent,Alan 5,Data,,,3,2,Delta latency question 172
CASE-000173,2026-07-06T04:16:00Z,2026-07-12T18:42:00Z,Stark Retail 33,Linus 23,person23@example.com,Asia Pacific,Free,Phone,Security,How-to,Waiting,Low,Katherine 6,Security,94,114,4,3,Echo login question 173
CASE-000174,2026-07-09T11:29:00Z,2026-07-15T01:55:00Z,Wayne Healthcare 34,Margaret 24,person24@example.com,Middle East,Pro,Web,Integration,Bug,Resolved,Medium,Edsger 7,Support,105,161,5,4,Forge billing question 174
CASE-000175,2026-07-12T18:42:00Z,2026-07-18T08:08:00Z,Wonka Media 35,Alan 25,person25@example.com,Latin America,Business,Partner,Account,Request,Closed,High,Radia 8,Platform,116,208,6,,"Export includes commas, quotes ""and"" unusual values"
CASE-000176,2026-07-15T01:55:00Z,2026-07-21T15:21:00Z,Acme Logistics 36,Katherine 26,person26@example.com,North America,Enterprise,Email,Billing,Incident,New,Urgent,Barbara 9,Growth,127,,0,1,Ion latency question 176
CASE-000177,2026-07-18T08:08:00Z,2026-07-24T22:34:00Z,Globex SaaS 37,Edsger 27,person27@example.com,Europe,Free,Chat,Data,How-to,Open,Low,Donald 10,Design,138,,1,2,Atlas login question 177
CASE-000178,2026-07-21T15:21:00Z,2026-07-27T05:47:00Z,Initech Fintech 38,Radia 28,person28@example.com,Asia Pacific,Pro,Phone,Performance,Bug,Waiting,Medium,Ada 11,Data,149,349,2,3,Beacon billing question 178
CASE-000179,2026-07-24T22:34:00Z,2026-07-30T12:00:00Z,Umbrella Retail 39,Barbara 29,person29@example.com,Middle East,Business,Web,Security,Request,Resolved,High,Grace 12,Security,160,396,3,4,Canvas export question 179
CASE-000180,2026-07-27T05:47:00Z,2026-08-02T19:13:00Z,Stark Healthcare 40,Donald 30,person30@example.com,Latin America,Enterprise,Partner,Integration,Incident,Closed,Urgent,Linus 13,Support,171,443,4,5,Delta latency question 180
CASE-000181,2026-07-30T12:00:00Z,2026-08-05T02:26:00Z,Wayne Media 41,Ada 1,person1@example.com,North America,Free,Email,Account,How-to,New,Low,Margaret 14,Platform,2,,5,,Echo login question 181
CASE-000182,2026-08-02T19:13:00Z,2026-08-08T09:39:00Z,Wonka Logistics 42,Grace 2,person2@example.com,Europe,Pro,Chat,Billing,Bug,Open,Medium,Alan 15,Growth,13,,6,2,Forge billing question 182
CASE-000183,2026-08-05T02:26:00Z,2026-08-11T16:52:00Z,Acme SaaS 43,Linus 3,person3@example.com,Asia Pacific,Business,Phone,Data,Request,Waiting,High,Katherine 16,Design,24,584,0,3,Helix export question 183
CASE-000184,2026-08-08T09:39:00Z,2026-08-14T23:05:00Z,Globex Fintech 44,Margaret 4,person4@example.com,Middle East,Enterprise,Web,Performance,Incident,Resolved,Urgent,Edsger 17,Data,35,631,1,4,Ion latency question 184
CASE-000185,2026-08-11T16:52:00Z,2026-08-17T06:18:00Z,Initech Retail 45,Alan 5,person5@example.com,Latin America,Free,Partner,Security,How-to,Closed,Low,Radia 18,Security,46,678,2,5,Atlas login question 185
CASE-000186,2026-08-14T23:05:00Z,2026-08-20T13:31:00Z,Umbrella Healthcare 46,Katherine 6,person6@example.com,North America,Pro,Email,Integration,Bug,New,Medium,Barbara 19,Support,57,,3,1,Beacon billing question 186
CASE-000187,2026-08-17T06:18:00Z,2026-08-23T20:44:00Z,Stark Media 47,Edsger 7,person7@example.com,Europe,Business,Chat,Account,Request,Open,High,Donald 20,Platform,68,,4,,Canvas export question 187
CASE-000188,2026-08-20T13:31:00Z,2026-08-26T03:57:00Z,Wayne Logistics 48,Radia 8,person8@example.com,Asia Pacific,Enterprise,Phone,Billing,Incident,Waiting,Urgent,Ada 21,Growth,79,819,5,3,Delta latency question 188
CASE-000189,2026-08-23T20:44:00Z,2026-08-29T10:10:00Z,Wonka SaaS 49,Barbara 9,person9@example.com,Middle East,Free,Web,Data,How-to,Resolved,Low,Grace 22,Design,90,866,6,4,Echo login question 189
CASE-000190,2026-08-26T03:57:00Z,2026-09-01T17:23:00Z,Acme Fintech 50,Donald 10,person10@example.com,Latin America,Pro,Partner,Performance,Bug,Closed,Medium,Linus 23,Data,101,913,0,5,Forge billing question 190
CASE-000191,2026-08-29T10:10:00Z,2026-09-04T00:36:00Z,Globex Retail 51,Ada 11,person11@example.com,North America,Business,Email,Security,Request,New,High,Margaret 24,Security,,,1,1,Helix export question 191
CASE-000192,2026-09-01T17:23:00Z,2026-09-07T07:49:00Z,Initech Healthcare 52,Grace 12,person12@example.com,Europe,Enterprise,Chat,Integration,Incident,Open,Urgent,Alan 25,Support,123,,2,2,Ion latency question 192
CASE-000193,2026-09-04T00:36:00Z,2026-09-10T14:02:00Z,Umbrella Media 53,Linus 13,person13@example.com,Asia Pacific,Free,Phone,Account,How-to,Waiting,Low,Katherine 26,Platform,134,1054,3,,Atlas login question 193
CASE-000194,2026-09-07T07:49:00Z,2026-09-13T21:15:00Z,Stark Logistics 54,Margaret 14,person14@example.com,Middle East,Pro,Web,Billing,Bug,Resolved,Medium,Edsger 27,Growth,145,1101,4,4,Beacon billing question 194
CASE-000195,2026-09-10T14:02:00Z,2026-09-16T04:28:00Z,Wayne SaaS 55,Alan 15,person15@example.com,Latin America,Business,Partner,Data,Request,Closed,High,Radia 28,Design,156,1148,5,5,Canvas export question 195
CASE-000196,2026-09-13T21:15:00Z,2026-09-19T11:41:00Z,Wonka Fintech 56,Katherine 16,person16@example.com,North America,Enterprise,Email,Performance,Incident,New,Urgent,Barbara 29,Data,167,,6,1,Delta latency question 196
CASE-000197,2026-09-16T04:28:00Z,2026-09-22T18:54:00Z,Acme Retail 57,Edsger 17,person17@example.com,Europe,Free,Chat,Security,How-to,Open,Low,Donald 30,Security,178,,0,2,Echo login question 197
CASE-000198,2026-09-19T11:41:00Z,2026-09-25T01:07:00Z,Globex Healthcare 58,Radia 18,person18@example.com,Asia Pacific,Pro,Phone,Integration,Bug,Waiting,Medium,Ada 1,Support,9,1289,1,3,Forge billing question 198
CASE-000199,2026-09-22T18:54:00Z,2026-09-28T08:20:00Z,Initech Media 59,Barbara 19,person19@example.com,Middle East,Business,Web,Account,Request,Resolved,High,Grace 2,Platform,20,1336,2,,Helix export question 199
CASE-000200,2026-09-25T01:07:00Z,2026-10-01T15:33:00Z,Umbrella Logistics 60,Donald 20,person20@example.com,Latin America,Enterprise,Partner,Billing,Incident,Closed,Urgent,Linus 3,Growth,31,1383,3,5,Ion latency question 200
CASE-000201,2026-09-28T08:20:00Z,2026-10-04T22:46:00Z,Stark SaaS 61,Ada 21,person21@example.com,North America,Free,Email,Data,How-to,New,Low,Margaret 4,Design,42,,4,1,Atlas login question 201
CASE-000202,2026-10-01T15:33:00Z,2026-10-07T05:59:00Z,Wayne Fintech 62,Grace 22,person22@example.com,Europe,Pro,Chat,Performance,Bug,Open,Medium,Alan 5,Data,53,,5,2,Beacon billing question 202
CASE-000203,2026-10-04T22:46:00Z,2026-10-10T12:12:00Z,Wonka Retail 63,Linus 23,person23@example.com,Asia Pacific,Business,Phone,Security,Request,Waiting,High,Katherine 6,Security,64,1524,6,3,Canvas export question 203
CASE-000204,2026-10-07T05:59:00Z,2026-10-13T19:25:00Z,Acme Healthcare 64,Margaret 24,person24@example.com,Middle East,Enterprise,Web,Integration,Incident,Resolved,Urgent,Edsger 7,Support,75,1571,0,4,"Export includes commas, quotes ""and"" unusual values"
CASE-000205,2026-10-10T12:12:00Z,2026-10-16T02:38:00Z,Globex Media 65,Alan 25,person25@example.com,Latin America,Free,Partner,Account,How-to,Closed,Low,Radia 8,Platform,86,1618,1,,Echo login question 205
CASE-000206,2026-10-13T19:25:00Z,2026-10-19T09:51:00Z,Initech Logistics 66,Katherine 26,person26@example.com,North America,Pro,Email,Billing,Bug,New,Medium,Barbara 9,Growth,97,,2,1,Forge billing question 206
CASE-000207,2026-10-16T02:38:00Z,2026-10-22T16:04:00Z,Umbrella SaaS 67,Edsger 27,person27@example.com,Europe,Business,Chat,Data,Request,Open,High,Donald 10,Design,108,,3,2,Helix export question 207
CASE-000208,2026-10-19T09:51:00Z,2026-10-25T23:17:00Z,Stark Fintech 68,Radia 28,person28@example.com,Asia Pacific,Enterprise,Phone,Performance,Incident,Waiting,Urgent,Ada 11,Data,119,1759,4,3,Ion latency question 208
CASE-000209,2026-10-22T16:04:00Z,2026-10-28T06:30:00Z,Wayne Retail 69,Barbara 29,person29@example.com,Middle East,Free,Web,Security,How-to,Resolved,Low,Grace 12,Security,130,1806,5,4,Atlas login question 209
CASE-000210,2026-10-25T23:17:00Z,2026-10-31T13:43:00Z,Wonka Healthcare 70,Donald 30,person30@example.com,Latin America,Pro,Partner,Integration,Bug,Closed,Medium,Linus 13,Support,,1853,6,5,Beacon billing question 210
CASE-000211,2026-10-28T06:30:00Z,2026-11-03T20:56:00Z,Acme SaaS 1,Ada 1,person1@example.com,North America,Business,Email,Account,Request,New,High,Margaret 14,Platform,152,,0,,Canvas export question 211
CASE-000212,2026-10-31T13:43:00Z,2026-11-06T03:09:00Z,Globex Fintech 2,Grace 2,person2@example.com,Europe,Enterprise,Chat,Billing,Incident,Open,Urgent,Alan 15,Growth,163,,1,2,Delta latency question 212
CASE-000213,2026-11-03T20:56:00Z,2026-11-09T10:22:00Z,Initech Retail 3,Linus 3,person3@example.com,Asia Pacific,Free,Phone,Data,How-to,Waiting,Low,Katherine 16,Design,174,1994,2,3,Echo login question 213
CASE-000214,2026-11-06T03:09:00Z,2026-11-12T17:35:00Z,Umbrella Healthcare 4,Margaret 4,person4@example.com,Middle East,Pro,Web,Performance,Bug,Resolved,Medium,Edsger 17,Data,5,2041,3,4,Forge billing question 214
CASE-000215,2026-11-09T10:22:00Z,2026-11-15T00:48:00Z,Stark Media 5,Alan 5,person5@example.com,Latin America,Business,Partner,Security,Request,Closed,High,Radia 18,Security,16,2088,4,5,Helix export question 215
CASE-000216,2026-11-12T17:35:00Z,2026-11-18T07:01:00Z,Wayne Logistics 6,Katherine 6,person6@example.com,North America,Enterprise,Email,Integration,Incident,New,Urgent,Barbara 19,Support,27,,5,1,Ion latency question 216
CASE-000217,2026-11-15T00:48:00Z,2026-11-21T14:14:00Z,Wonka SaaS 7,Edsger 7,person7@example.com,Europe,Free,Chat,Account,How-to,Open,Low,Donald 20,Platform,38,,6,,Atlas login question 217
CASE-000218,2026-11-18T07:01:00Z,2026-11-24T21:27:00Z,Acme Fintech 8,Radia 8,person8@example.com,Asia Pacific,Pro,Phone,Billing,Bug,Waiting,Medium,Ada 21,Growth,49,2229,0,3,Beacon billing question 218
CASE-000219,2026-11-21T14:14:00Z,2026-01-01T04:40:00Z,Globex Retail 9,Barbara 9,person9@example.com,Middle East,Business,Web,Data,Request,Resolved,High,Grace 22,Design,60,2276,1,4,Canvas export question 219
CASE-000220,2026-11-24T21:27:00Z,2026-01-04T11:53:00Z,Initech Healthcare 10,Donald 10,person10@example.com,Latin America,Enterprise,Partner,Performance,Incident,Closed,Urgent,Linus 23,Data,71,2323,2,5,Delta latency question 220
CASE-000221,2026-01-01T04:40:00Z,2026-01-07T18:06:00Z,Umbrella Media 11,Ada 11,person11@example.com,North America,Free,Email,Security,How-to,New,Low,Margaret 24,Security,82,,3,1,Echo login question 221
CASE-000222,2026-01-04T11:53:00Z,2026-01-10T01:19:00Z,Stark Logistics 12,Grace 12,person12@example.com,Europe,Pro,Chat,Integration,Bug,Open,Medium,Alan 25,Support,93,,4,2,Forge billing question 222
CASE-000223,2026-01-07T18:06:00Z,2026-01-13T08:32:00Z,Wayne SaaS 13,Linus 13,person13@example.com,Asia Pacific,Business,Phone,Account,Request,Waiting,High,Katherine 26,Platform,104,2464,5,,Helix export question 223
CASE-000224,2026-01-10T01:19:00Z,2026-01-16T15:45:00Z,Wonka Fintech 14,Margaret 14,person14@example.com,Middle East,Enterprise,Web,Billing,Incident,Resolved,Urgent,Edsger 27,Growth,115,2511,6,4,Ion latency question 224
CASE-000225,2026-01-13T08:32:00Z,2026-01-19T22:58:00Z,Acme Retail 15,Alan 15,person15@example.com,Latin America,Free,Partner,Data,How-to,Closed,Low,Radia 28,Design,126,2558,0,5,Atlas login question 225
CASE-000226,2026-01-16T15:45:00Z,2026-01-22T05:11:00Z,Globex Healthcare 16,Katherine 16,person16@example.com,North America,Pro,Email,Performance,Bug,New,Medium,Barbara 29,Data,137,,1,1,Beacon billing question 226
CASE-000227,2026-01-19T22:58:00Z,2026-01-25T12:24:00Z,Initech Media 17,Edsger 17,person17@example.com,Europe,Business,Chat,Security,Request,Open,High,Donald 30,Security,148,,2,2,Canvas export question 227
CASE-000228,2026-01-22T05:11:00Z,2026-01-28T19:37:00Z,Umbrella Logistics 18,Radia 18,person18@example.com,Asia Pacific,Enterprise,Phone,Integration,Incident,Waiting,Urgent,Ada 1,Support,159,2699,3,3,Delta latency question 228
CASE-000229,2026-01-25T12:24:00Z,2026-01-31T02:50:00Z,Stark SaaS 19,Barbara 19,person19@example.com,Middle East,Free,Web,Account,How-to,Resolved,Low,Grace 2,Platform,,2746,4,,Echo login question 229
CASE-000230,2026-01-28T19:37:00Z,2026-02-03T09:03:00Z,Wayne Fintech 20,Donald 20,person20@example.com,Latin America,Pro,Partner,Billing,Bug,Closed,Medium,Linus 3,Growth,181,2793,5,5,Forge billing question 230
CASE-000231,2026-01-31T02:50:00Z,2026-02-06T16:16:00Z,Wonka Retail 21,Ada 21,person21@example.com,North America,Business,Email,Data,Request,New,High,Margaret 4,Design,12,,6,1,Helix export question 231
CASE-000232,2026-02-03T09:03:00Z,2026-02-09T23:29:00Z,Acme Healthcare 22,Grace 22,person22@example.com,Europe,Enterprise,Chat,Performance,Incident,Open,Urgent,Alan 5,Data,23,,0,2,Ion latency question 232
CASE-000233,2026-02-06T16:16:00Z,2026-02-12T06:42:00Z,Globex Media 23,Linus 23,person23@example.com,Asia Pacific,Free,Phone,Security,How-to,Waiting,Low,Katherine 6,Security,34,2934,1,3,"Export includes commas, quotes ""and"" unusual values"
CASE-000234,2026-02-09T23:29:00Z,2026-02-15T13:55:00Z,Initech Logistics 24,Margaret 24,person24@example.com,Middle East,Pro,Web,Integration,Bug,Resolved,Medium,Edsger 7,Support,45,2981,2,4,Beacon billing question 234
CASE-000235,2026-02-12T06:42:00Z,2026-02-18T20:08:00Z,Umbrella SaaS 25,Alan 25,person25@example.com,Latin America,Business,Partner,Account,Request,Closed,High,Radia 8,Platform,56,3028,3,,Canvas export question 235
CASE-000236,2026-02-15T13:55:00Z,2026-02-21T03:21:00Z,Stark Fintech 26,Katherine 26,person26@example.com,North America,Enterprise,Email,Billing,Incident,New,Urgent,Barbara 9,Growth,67,,4,1,Delta latency question 236
CASE-000237,2026-02-18T20:08:00Z,2026-02-24T10:34:00Z,Wayne Retail 27,Edsger 27,person27@example.com,Europe,Free,Chat,Data,How-to,Open,Low,Donald 10,Design,78,,5,2,Echo login question 237
CASE-000238,2026-02-21T03:21:00Z,2026-02-27T17:47:00Z,Wonka Healthcare 28,Radia 28,person28@example.com,Asia Pacific,Pro,Phone,Performance,Bug,Waiting,Medium,Ada 11,Data,89,3169,6,3,Forge billing question 238
CASE-000239,2026-02-24T10:34:00Z,2026-03-02T00:00:00Z,Acme Media 29,Barbara 29,person29@example.com,Middle East,Business,Web,Security,Request,Resolved,High,Grace 12,Security,100,3216,0,4,Helix export question 239
CASE-000240,2026-02-27T17:47:00Z,2026-03-05T07:13:00Z,Globex Logistics 30,Donald 30,person30@example.com,Latin America,Enterprise,Partner,Integration,Incident,Closed,Urgent,Linus 13,Support,111,3263,1,5,Ion latency question 240
CASE-000241,2026-03-02T00:00:00Z,2026-03-08T14:26:00Z,Initech SaaS 31,Ada 1,person1@example.com,North America,Free,Email,Account,How-to,New,Low,Margaret 14,Platform,122,,2,,Atlas login question 241
CASE-000242,2026-03-05T07:13:00Z,2026-03-11T21:39:00Z,Umbrella Fintech 32,Grace 2,person2@example.com,Europe,Pro,Chat,Billing,Bug,Open,Medium,Alan 15,Growth,133,,3,2,Beacon billing question 242
CASE-000243,2026-03-08T14:26:00Z,2026-03-14T04:52:00Z,Stark Retail 33,Linus 3,person3@example.com,Asia Pacific,Business,Phone,Data,Request,Waiting,High,Katherine 16,Design,144,3404,4,3,Canvas export question 243
CASE-000244,2026-03-11T21:39:00Z,2026-03-17T11:05:00Z,Wayne Healthcare 34,Margaret 4,person4@example.com,Middle East,Enterprise,Web,Performance,Incident,Resolved,Urgent,Edsger 17,Data,155,3451,5,4,Delta latency question 244
CASE-000245,2026-03-14T04:52:00Z,2026-03-20T18:18:00Z,Wonka Media 35,Alan 5,person5@example.com,Latin America,Free,Partner,Security,How-to,Closed,Low,Radia 18,Security,166,3498,6,5,Echo login question 245
CASE-000246,2026-03-17T11:05:00Z,2026-03-23T01:31:00Z,Acme Logistics 36,Katherine 6,person6@example.com,North America,Pro,Email,Integration,Bug,New,Medium,Barbara 19,Support,177,,0,1,Forge billing question 246
CASE-000247,2026-03-20T18:18:00Z,2026-03-26T08:44:00Z,Globex SaaS 37,Edsger 7,person7@example.com,Europe,Business,Chat,Account,Request,Open,High,Donald 20,Platform,8,,1,,Helix export question 247
CASE-000248,2026-03-23T01:31:00Z,2026-03-29T15:57:00Z,Initech Fintech 38,Radia 8,person8@example.com,Asia Pacific,Enterprise,Phone,Billing,Incident,Waiting,Urgent,Ada 21,Growth,,3639,2,3,Ion latency question 248
CASE-000249,2026-03-26T08:44:00Z,2026-04-01T22:10:00Z,Umbrella Retail 39,Barbara 9,person9@example.com,Middle East,Free,Web,Data,How-to,Resolved,Low,Grace 22,Design,30,3686,3,4,Atlas login question 249
CASE-000250,2026-03-29T15:57:00Z,2026-04-04T05:23:00Z,Stark Healthcare 40,Donald 10,person10@example.com,Latin America,Pro,Partner,Performance,Bug,Closed,Medium,Linus 23,Data,41,3733,4,5,Beacon billing question 250
CASE-000251,2026-04-01T22:10:00Z,2026-04-07T12:36:00Z,Wayne Media 41,Ada 11,person11@example.com,North America,Business,Email,Security,Request,New,High,Margaret 24,Security,52,,5,1,Canvas export question 251
CASE-000252,2026-04-04T05:23:00Z,2026-04-10T19:49:00Z,Wonka Logistics 42,Grace 12,person12@example.com,Europe,Enterprise,Chat,Integration,Incident,Open,Urgent,Alan 25,Support,63,,6,2,Delta latency question 252
CASE-000253,2026-04-07T12:36:00Z,2026-04-13T02:02:00Z,Acme SaaS 43,Linus 13,person13@example.com,Asia Pacific,Free,Phone,Account,How-to,Waiting,Low,Katherine 26,Platform,74,3874,0,,Echo login question 253
CASE-000254,2026-04-10T19:49:00Z,2026-04-16T09:15:00Z,Globex Fintech 44,Margaret 14,person14@example.com,Middle East,Pro,Web,Billing,Bug,Resolved,Medium,Edsger 27,Growth,85,3921,1,4,Forge billing question 254
CASE-000255,2026-04-13T02:02:00Z,2026-04-19T16:28:00Z,Initech Retail 45,Alan 15,person15@example.com,Latin America,Business,Partner,Data,Request,Closed,High,Radia 28,Design,96,3968,2,5,Helix export question 255
CASE-000256,2026-04-16T09:15:00Z,2026-04-22T23:41:00Z,Umbrella Healthcare 46,Katherine 16,person16@example.com,North America,Enterprise,Email,Performance,Incident,New,Urgent,Barbara 29,Data,107,,3,1,Ion latency question 256
CASE-000257,2026-04-19T16:28:00Z,2026-04-25T06:54:00Z,Stark Media 47,Edsger 17,person17@example.com,Europe,Free,Chat,Security,How-to,Open,Low,Donald 30,Security,118,,4,2,Atlas login question 257
CASE-000258,2026-04-22T23:41:00Z,2026-04-28T13:07:00Z,Wayne Logistics 48,Radia 18,person18@example.com,Asia Pacific,Pro,Phone,Integration,Bug,Waiting,Medium,Ada 1,Support,129,109,5,3,Beacon billing question 258
CASE-000259,2026-04-25T06:54:00Z,2026-05-01T20:20:00Z,Wonka SaaS 49,Barbara 19,person19@example.com,Middle East,Business,Web,Account,Request,Resolved,High,Grace 2,Platform,140,156,6,,Canvas export question 259
CASE-000260,2026-04-28T13:07:00Z,2026-05-04T03:33:00Z,Acme Fintech 50,Donald 20,person20@example.com,Latin America,Enterprise,Partner,Billing,Incident,Closed,Urgent,Linus 3,Growth,151,203,0,5,Delta latency question 260
CASE-000261,2026-05-01T20:20:00Z,2026-05-07T10:46:00Z,Globex Retail 51,Ada 21,person21@example.com,North America,Free,Email,Data,How-to,New,Low,Margaret 4,Design,162,,1,1,Echo login question 261
CASE-000262,2026-05-04T03:33:00Z,2026-05-10T17:59:00Z,Initech Healthcare 52,Grace 22,person22@example.com,Europe,Pro,Chat,Performance,Bug,Open,Medium,Alan 5,Data,173,,2,2,"Export includes commas, quotes ""and"" unusual values"
CASE-000263,2026-05-07T10:46:00Z,2026-05-13T00:12:00Z,Umbrella Media 53,Linus 23,person23@example.com,Asia Pacific,Business,Phone,Security,Request,Waiting,High,Katherine 6,Security,4,344,3,3,Helix export question 263
CASE-000264,2026-05-10T17:59:00Z,2026-05-16T07:25:00Z,Stark Logistics 54,Margaret 24,person24@example.com,Middle East,Enterprise,Web,Integration,Incident,Resolved,Urgent,Edsger 7,Support,15,391,4,4,Ion latency question 264
CASE-000265,2026-05-13T00:12:00Z,2026-05-19T14:38:00Z,Wayne SaaS 55,Alan 25,person25@example.com,Latin America,Free,Partner,Account,How-to,Closed,Low,Radia 8,Platform,26,438,5,,Atlas login question 265
CASE-000266,2026-05-16T07:25:00Z,2026-05-22T21:51:00Z,Wonka Fintech 56,Katherine 26,person26@example.com,North America,Pro,Email,Billing,Bug,New,Medium,Barbara 9,Growth,37,,6,1,Beacon billing question 266
CASE-000267,2026-05-19T14:38:00Z,2026-05-25T04:04:00Z,Acme Retail 57,Edsger 27,person27@example.com,Europe,Business,Chat,Data,Request,Open,High,Donald 10,Design,,,0,2,Canvas export question 267
CASE-000268,2026-05-22T21:51:00Z,2026-05-28T11:17:00Z,Globex Healthcare 58,Radia 28,person28@example.com,Asia Pacific,Enterprise,Phone,Performance,Incident,Waiting,Urgent,Ada 11,Data,59,579,1,3,Delta latency question 268
CASE-000269,2026-05-25T04:04:00Z,2026-05-31T18:30:00Z,Initech Media 59,Barbara 29,person29@example.com,Middle East,Free,Web,Security,How-to,Resolved,Low,Grace 12,Security,70,626,2,4,Echo login question 269
CASE-000270,2026-05-28T11:17:00Z,2026-06-03T01:43:00Z,Umbrella Logistics 60,Donald 30,person30@example.com,Latin America,Pro,Partner,Integration,Bug,Closed,Medium,Linus 13,Support,81,673,3,5,Forge billing question 270
CASE-000271,2026-05-31T18:30:00Z,2026-06-06T08:56:00Z,Stark SaaS 61,Ada 1,person1@example.com,North America,Business,Email,Account,Request,New,High,Margaret 14,Platform,92,,4,,Helix export question 271
CASE-000272,2026-06-03T01:43:00Z,2026-06-09T15:09:00Z,Wayne Fintech 62,Grace 2,person2@example.com,Europe,Enterprise,Chat,Billing,Incident,Open,Urgent,Alan 15,Growth,103,,5,2,Ion latency question 272
CASE-000273,2026-06-06T08:56:00Z,2026-06-12T22:22:00Z,Wonka Retail 63,Linus 3,person3@example.com,Asia Pacific,Free,Phone,Data,How-to,Waiting,Low,Katherine 16,Design,114,814,6,3,Atlas login question 273
CASE-000274,2026-06-09T15:09:00Z,2026-06-15T05:35:00Z,Acme Healthcare 64,Margaret 4,person4@example.com,Middle East,Pro,Web,Performance,Bug,Resolved,Medium,Edsger 17,Data,125,861,0,4,Beacon billing question 274
CASE-000275,2026-06-12T22:22:00Z,2026-06-18T12:48:00Z,Globex Media 65,Alan 5,person5@example.com,Latin America,Business,Partner,Security,Request,Closed,High,Radia 18,Security,136,908,1,5,Canvas export question 275
CASE-000276,2026-06-15T05:35:00Z,2026-06-21T19:01:00Z,Initech Logistics 66,Katherine 6,person6@example.com,North America,Enterprise,Email,Integration,Incident,New,Urgent,Barbara 19,Support,147,,2,1,Delta latency question 276
CASE-000277,2026-06-18T12:48:00Z,2026-06-24T02:14:00Z,Umbrella SaaS 67,Edsger 7,person7@example.com,Europe,Free,Chat,Account,How-to,Open,Low,Donald 20,Platform,158,,3,,Echo login question 277
CASE-000278,2026-06-21T19:01:00Z,2026-06-27T09:27:00Z,Stark Fintech 68,Radia 8,person8@example.com,Asia Pacific,Pro,Phone,Billing,Bug,Waiting,Medium,Ada 21,Growth,169,1049,4,3,Forge billing question 278
CASE-000279,2026-06-24T02:14:00Z,2026-06-30T16:40:00Z,Wayne Retail 69,Barbara 9,person9@example.com,Middle East,Business,Web,Data,Request,Resolved,High,Grace 22,Design,180,1096,5,4,Helix export question 279
CASE-000280,2026-06-27T09:27:00Z,2026-07-03T23:53:00Z,Wonka Healthcare 70,Donald 10,person10@example.com,Latin America,Enterprise,Partner,Performance,Incident,Closed,Urgent,Linus 23,Data,11,1143,6,5,Ion latency question 280
CASE-000281,2026-06-30T16:40:00Z,2026-07-06T06:06:00Z,Acme SaaS 1,Ada 11,person11@example.com,North America,Free,Email,Security,How-to,New,Low,Margaret 24,Security,22,,0,1,Atlas login question 281
CASE-000282,2026-07-03T23:53:00Z,2026-07-09T13:19:00Z,Globex Fintech 2,Grace 12,person12@example.com,Europe,Pro,Chat,Integration,Bug,Open,Medium,Alan 25,Support,33,,1,2,Beacon billing question 282
CASE-000283,2026-07-06T06:06:00Z,2026-07-12T20:32:00Z,Initech Retail 3,Linus 13,person13@example.com,Asia Pacific,Business,Phone,Account,Request,Waiting,High,Katherine 26,Platform,44,1284,2,,Canvas export question 283
CASE-000284,2026-07-09T13:19:00Z,2026-07-15T03:45:00Z,Umbrella Healthcare 4,Margaret 14,person14@example.com,Middle East,Enterprise,Web,Billing,Incident,Resolved,Urgent,Edsger 27,Growth,55,1331,3,4,Delta latency question 284
CASE-000285,2026-07-12T20:32:00Z,2026-07-18T10:58:00Z,Stark Media 5,Alan 15,person15@example.com,Latin America,Free,Partner,Data,How-to,Closed,Low,Radia 28,Design,66,1378,4,5,Echo login question 285
CASE-000286,2026-07-15T03:45:00Z,2026-07-21T17:11:00Z,Wayne Logistics 6,Katherine 16,person16@example.com,North America,Pro,Email,Performance,Bug,New,Medium,Barbara 29,Data,,,5,1,Forge billing question 286
CASE-000287,2026-07-18T10:58:00Z,2026-07-24T00:24:00Z,Wonka SaaS 7,Edsger 17,person17@example.com,Europe,Business,Chat,Security,Request,Open,High,Donald 30,Security,88,,6,2,Helix export question 287
CASE-000288,2026-07-21T17:11:00Z,2026-07-27T07:37:00Z,Acme Fintech 8,Radia 18,person18@example.com,Asia Pacific,Enterprise,Phone,Integration,Incident,Waiting,Urgent,Ada 1,Support,99,1519,0,3,Ion latency question 288
CASE-000289,2026-07-24T00:24:00Z,2026-07-30T14:50:00Z,Globex Retail 9,Barbara 19,person19@example.com,Middle East,Free,Web,Account,How-to,Resolved,Low,Grace 2,Platform,110,1566,1,,Atlas login question 289
CASE-000290,2026-07-27T07:37:00Z,2026-08-02T21:03:00Z,Initech Healthcare 10,Donald 20,person20@example.com,Latin America,Pro,Partner,Billing,Bug,Closed,Medium,Linus 3,Growth,121,1613,2,5,Beacon billing question 290
CASE-000291,2026-07-30T14:50:00Z,2026-08-05T04:16:00Z,Umbrella Media 11,Ada 21,person21@example.com,North America,Business,Email,Data,Request,New,High,Margaret 4,Design,132,,3,1,"Export includes commas, quotes ""and"" unusual values"
CASE-000292,2026-08-02T21:03:00Z,2026-08-08T11:29:00Z,Stark Logistics 12,Grace 22,person22@example.com,Europe,Enterprise,Chat,Performance,Incident,Open,Urgent,Alan 5,Data,143,,4,2,Delta latency question 292
CASE-000293,2026-08-05T04:16:00Z,2026-08-11T18:42:00Z,Wayne SaaS 13,Linus 23,person23@example.com,Asia Pacific,Free,Phone,Security,How-to,Waiting,Low,Katherine 6,Security,154,1754,5,3,Echo login question 293
CASE-000294,2026-08-08T11:29:00Z,2026-08-14T01:55:00Z,Wonka Fintech 14,Margaret 24,person24@example.com,Middle East,Pro,Web,Integration,Bug,Resolved,Medium,Edsger 7,Support,165,1801,6,4,Forge billing question 294
CASE-000295,2026-08-11T18:42:00Z,2026-08-17T08:08:00Z,Acme Retail 15,Alan 25,person25@example.com,Latin America,Business,Partner,Account,Request,Closed,High,Radia 8,Platform,176,1848,0,,Helix export question 295
CASE-000296,2026-08-14T01:55:00Z,2026-08-20T15:21:00Z,Globex Healthcare 16,Katherine 26,person26@example.com,North America,Enterprise,Email,Billing,Incident,New,Urgent,Barbara 9,Growth,7,,1,1,Ion latency question 296
CASE-000297,2026-08-17T08:08:00Z,2026-08-23T22:34:00Z,Initech Media 17,Edsger 27,person27@example.com,Europe,Free,Chat,Data,How-to,Open,Low,Donald 10,Design,18,,2,2,Atlas login question 297
CASE-000298,2026-08-20T15:21:00Z,2026-08-26T05:47:00Z,Umbrella Logistics 18,Radia 28,person28@example.com,Asia Pacific,Pro,Phone,Performance,Bug,Waiting,Medium,Ada 11,Data,29,1989,3,3,Beacon billing question 298
CASE-000299,2026-08-23T22:34:00Z,2026-08-29T12:00:00Z,Stark SaaS 19,Barbara 29,person29@example.com,Middle East,Business,Web,Security,Request,Resolved,High,Grace 12,Security,40,2036,4,4,Canvas export question 299
CASE-000300,2026-08-26T05:47:00Z,2026-09-01T19:13:00Z,Wayne Fintech 20,Donald 30,person30@example.com,Latin America,Enterprise,Partner,Integration,Incident,Closed,Urgent,Linus 13,Support,51,2083,5,5,Delta latency question 300
CASE-000301,2026-08-29T12:00:00Z,2026-09-04T02:26:00Z,Wonka Retail 21,Ada 1,person1@example.com,North America,Free,Email,Account,How-to,New,Low,Margaret 14,Platform,62,,6,,Echo login question 301
CASE-000302,2026-09-01T19:13:00Z,2026-09-07T09:39:00Z,Acme Healthcare 22,Grace 2,person2@example.com,Europe,Pro,Chat,Billing,Bug,Open,Medium,Alan 15,Growth,73,,0,2,Forge billing question 302
CASE-000303,2026-09-04T02:26:00Z,2026-09-10T16:52:00Z,Globex Media 23,Linus 3,person3@example.com,Asia Pacific,Business,Phone,Data,Request,Waiting,High,Katherine 16,Design,84,2224,1,3,Helix export question 303
CASE-000304,2026-09-07T09:39:00Z,2026-09-13T23:05:00Z,Initech Logistics 24,Margaret 4,person4@example.com,Middle East,Enterprise,Web,Performance,Incident,Resolved,Urgent,Edsger 17,Data,95,2271,2,4,Ion latency question 304
CASE-000305,2026-09-10T16:52:00Z,2026-09-16T06:18:00Z,Umbrella SaaS 25,Alan 5,person5@example.com,Latin America,Free,Partner,Security,How-to,Closed,Low,Radia 18,Security,,2318,3,5,Atlas login question 305
CASE-000306,2026-09-13T23:05:00Z,2026-09-19T13:31:00Z,Stark Fintech 26,Katherine 6,person6@example.com,North America,Pro,Email,Integration,Bug,New,Medium,Barbara 19,Support,117,,4,1,Beacon billing question 306
CASE-000307,2026-09-16T06:18:00Z,2026-09-22T20:44:00Z,Wayne Retail 27,Edsger 7,person7@example.com,Europe,Business,Chat,Account,Request,Open,High,Donald 20,Platform,128,,5,,Canvas export question 307
CASE-000308,2026-09-19T13:31:00Z,2026-09-25T03:57:00Z,Wonka Healthcare 28,Radia 8,person8@example.com,Asia Pacific,Enterprise,Phone,Billing,Incident,Waiting,Urgent,Ada 21,Growth,139,2459,6,3,Delta latency question 308
CASE-000309,2026-09-22T20:44:00Z,2026-09-28T10:10:00Z,Acme Media 29,Barbara 9,person9@example.com,Middle East,Free,Web,Data,How-to,Resolved,Low,Grace 22,Design,150,2506,0,4,Echo login question 309
CASE-000310,2026-09-25T03:57:00Z,2026-10-01T17:23:00Z,Globex Logistics 30,Donald 10,person10@example.com,Latin America,Pro,Partner,Performance,Bug,Closed,Medium,Linus 23,Data,161,2553,1,5,Forge billing question 310
CASE-000311,2026-09-28T10:10:00Z,2026-10-04T00:36:00Z,Initech SaaS 31,Ada 11,person11@example.com,North America,Business,Email,Security,Request,New,High,Margaret 24,Security,172,,2,1,Helix export question 311
CASE-000312,2026-10-01T17:23:00Z,2026-10-07T07:49:00Z,Umbrella Fintech 32,Grace 12,person12@example.com,Europe,Enterprise,Chat,Integration,Incident,Open,Urgent,Alan 25,Support,3,,3,2,Ion latency question 312
CASE-000313,2026-10-04T00:36:00Z,2026-10-10T14:02:00Z,Stark Retail 33,Linus 13,person13@example.com,Asia Pacific,Free,Phone,Account,How-to,Waiting,Low,Katherine 26,Platform,14,2694,4,,Atlas login question 313
CASE-000314,2026-10-07T07:49:00Z,2026-10-13T21:15:00Z,Wayne Healthcare 34,Margaret 14,person14@example.com,Middle East,Pro,Web,Billing,Bug,Resolved,Medium,Edsger 27,Growth,25,2741,5,4,Beacon billing question 314
CASE-000315,2026-10-10T14:02:00Z,2026-10-16T04:28:00Z,Wonka Media 35,Alan 15,person15@example.com,Latin America,Business,Partner,Data,Request,Closed,High,Radia 28,Design,36,2788,6,5,Canvas export question 315
CASE-000316,2026-10-13T21:15:00Z,2026-10-19T11:41:00Z,Acme Logistics 36,Katherine 16,person16@example.com,North America,Enterprise,Email,Performance,Incident,New,Urgent,Barbara 29,Data,47,,0,1,Delta latency question 316
CASE-000317,2026-10-16T04:28:00Z,2026-10-22T18:54:00Z,Globex SaaS 37,Edsger 17,person17@example.com,Europe,Free,Chat,Security,How-to,Open,Low,Donald 30,Security,58,,1,2,Echo login question 317
CASE-000318,2026-10-19T11:41:00Z,2026-10-25T01:07:00Z,Initech Fintech 38,Radia 18,person18@example.com,Asia Pacific,Pro,Phone,Integration,Bug,Waiting,Medium,Ada 1,Support,69,2929,2,3,Forge billing question 318
CASE-000319,2026-10-22T18:54:00Z,2026-10-28T08:20:00Z,Umbrella Retail 39,Barbara 19,person19@example.com,Middle East,Business,Web,Account,Request,Resolved,High,Grace 2,Platform,80,2976,3,,Helix export question 319
CASE-000320,2026-10-25T01:07:00Z,2026-10-31T15:33:00Z,Stark Healthcare 40,Donald 20,person20@example.com,Latin America,Enterprise,Partner,Billing,Incident,Closed,Urgent,Linus 3,Growth,91,3023,4,5,"Export includes commas, quotes ""and"" unusual values"
CASE-000321,2026-10-28T08:20:00Z,2026-11-03T22:46:00Z,Wayne Media 41,Ada 21,person21@example.com,North America,Free,Email,Data,How-to,New,Low,Margaret 4,Design,102,,5,1,Atlas login question 321
CASE-000322,2026-10-31T15:33:00Z,2026-11-06T05:59:00Z,Wonka Logistics 42,Grace 22,person22@example.com,Europe,Pro,Chat,Performance,Bug,Open,Medium,Alan 5,Data,113,,6,2,Beacon billing question 322
CASE-000323,2026-11-03T22:46:00Z,2026-11-09T12:12:00Z,Acme SaaS 43,Linus 23,person23@example.com,Asia Pacific,Business,Phone,Security,Request,Waiting,High,Katherine 6,Security,124,3164,0,3,Canvas export question 323
CASE-000324,2026-11-06T05:59:00Z,2026-11-12T19:25:00Z,Globex Fintech 44,Margaret 24,person24@example.com,Middle East,Enterprise,Web,Integration,Incident,Resolved,Urgent,Edsger 7,Support,,3211,1,4,Delta latency question 324
CASE-000325,2026-11-09T12:12:00Z,2026-11-15T02:38:00Z,Initech Retail 45,Alan 25,person25@example.com,Latin America,Free,Partner,Account,How-to,Closed,Low,Radia 8,Platform,146,3258,2,,Echo login question 325
CASE-000326,2026-11-12T19:25:00Z,2026-11-18T09:51:00Z,Umbrella Healthcare 46,Katherine 26,person26@example.com,North America,Pro,Email,Billing,Bug,New,Medium,Barbara 9,Growth,157,,3,1,Forge billing question 326
CASE-000327,2026-11-15T02:38:00Z,2026-11-21T16:04:00Z,Stark Media 47,Edsger 27,person27@example.com,Europe,Business,Chat,Data,Request,Open,High,Donald 10,Design,168,,4,2,Helix export question 327
CASE-000328,2026-11-18T09:51:00Z,2026-11-24T23:17:00Z,Wayne Logistics 48,Radia 28,person28@example.com,Asia Pacific,Enterprise,Phone,Performance,Incident,Waiting,Urgent,Ada 11,Data,179,3399,5,3,Ion latency question 328
CASE-000329,2026-11-21T16:04:00Z,2026-01-01T06:30:00Z,Wonka SaaS 49,Barbara 29,person29@example.com,Middle East,Free,Web,Security,How-to,Resolved,Low,Grace 12,Security,10,3446,6,4,Atlas login question 329
CASE-000330,2026-11-24T23:17:00Z,2026-01-04T13:43:00Z,Acme Fintech 50,Donald 30,person30@example.com,Latin America,Pro,Partner,Integration,Bug,Closed,Medium,Linus 13,Support,21,3493,0,5,Beacon billing question 330
CASE-000331,2026-01-01T06:30:00Z,2026-01-07T20:56:00Z,Globex Retail 51,Ada 1,person1@example.com,North America,Business,Email,Account,Request,New,High,Margaret 14,Platform,32,,1,,Canvas export question 331
CASE-000332,2026-01-04T13:43:00Z,2026-01-10T03:09:00Z,Initech Healthcare 52,Grace 2,person2@example.com,Europe,Enterprise,Chat,Billing,Incident,Open,Urgent,Alan 15,Growth,43,,2,2,Delta latency question 332
CASE-000333,2026-01-07T20:56:00Z,2026-01-13T10:22:00Z,Umbrella Media 53,Linus 3,person3@example.com,Asia Pacific,Free,Phone,Data,How-to,Waiting,Low,Katherine 16,Design,54,3634,3,3,Echo login question 333
CASE-000334,2026-01-10T03:09:00Z,2026-01-16T17:35:00Z,Stark Logistics 54,Margaret 4,person4@example.com,Middle East,Pro,Web,Performance,Bug,Resolved,Medium,Edsger 17,Data,65,3681,4,4,Forge billing question 334
CASE-000335,2026-01-13T10:22:00Z,2026-01-19T00:48:00Z,Wayne SaaS 55,Alan 5,person5@example.com,Latin America,Business,Partner,Security,Request,Closed,High,Radia 18,Security,76,3728,5,5,Helix export question 335
CASE-000336,2026-01-16T17:35:00Z,2026-01-22T07:01:00Z,Wonka Fintech 56,Katherine 6,person6@example.com,North America,Enterprise,Email,Integration,Incident,New,Urgent,Barbara 19,Support,87,,6,1,Ion latency question 336
CASE-000337,2026-01-19T00:48:00Z,2026-01-25T14:14:00Z,Acme Retail 57,Edsger 7,person7@example.com,Europe,Free,Chat,Account,How-to,Open,Low,Donald 20,Platform,98,,0,,Atlas login question 337
CASE-000338,2026-01-22T07:01:00Z,2026-01-28T21:27:00Z,Globex Healthcare 58,Radia 8,person8@example.com,Asia Pacific,Pro,Phone,Billing,Bug,Waiting,Medium,Ada 21,Growth,109,3869,1,3,Beacon billing question 338
CASE-000339,2026-01-25T14:14:00Z,2026-01-31T04:40:00Z,Initech Media 59,Barbara 9,person9@example.com,Middle East,Business,Web,Data,Request,Resolved,High,Grace 22,Design,120,3916,2,4,Canvas export question 339
CASE-000340,2026-01-28T21:27:00Z,2026-02-03T11:53:00Z,Umbrella Logistics 60,Donald 10,person10@example.com,Latin America,Enterprise,Partner,Performance,Incident,Closed,Urgent,Linus 23,Data,131,3963,3,5,Delta latency question 340
CASE-000341,2026-01-31T04:40:00Z,2026-02-06T18:06:00Z,Stark SaaS 61,Ada 11,person11@example.com,North America,Free,Email,Security,How-to,New,Low,Margaret 24,Security,142,,4,1,Echo login question 341
CASE-000342,2026-02-03T11:53:00Z,2026-02-09T01:19:00Z,Wayne Fintech 62,Grace 12,person12@example.com,Europe,Pro,Chat,Integration,Bug,Open,Medium,Alan 25,Support,153,,5,2,Forge billing question 342
CASE-000343,2026-02-06T18:06:00Z,2026-02-12T08:32:00Z,Wonka Retail 63,Linus 13,person13@example.com,Asia Pacific,Business,Phone,Account,Request,Waiting,High,Katherine 26,Platform,,104,6,,Helix export question 343
CASE-000344,2026-02-09T01:19:00Z,2026-02-15T15:45:00Z,Acme Healthcare 64,Margaret 14,person14@example.com,Middle East,Enterprise,Web,Billing,Incident,Resolved,Urgent,Edsger 27,Growth,175,151,0,4,Ion latency question 344
CASE-000345,2026-02-12T08:32:00Z,2026-02-18T22:58:00Z,Globex Media 65,Alan 15,person15@example.com,Latin America,Free,Partner,Data,How-to,Closed,Low,Radia 28,Design,6,198,1,5,Atlas login question 345
CASE-000346,2026-02-15T15:45:00Z,2026-02-21T05:11:00Z,Initech Logistics 66,Katherine 16,person16@example.com,North America,Pro,Email,Performance,Bug,New,Medium,Barbara 29,Data,17,,2,1,Beacon billing question 346
CASE-000347,2026-02-18T22:58:00Z,2026-02-24T12:24:00Z,Umbrella SaaS 67,Edsger 17,person17@example.com,Europe,Business,Chat,Security,Request,Open,High,Donald 30,Security,28,,3,2,Canvas export question 347
CASE-000348,2026-02-21T05:11:00Z,2026-02-27T19:37:00Z,Stark Fintech 68,Radia 18,person18@example.com,Asia Pacific,Enterprise,Phone,Integration,Incident,Waiting,Urgent,Ada 1,Support,39,339,4,3,Delta latency question 348
CASE-000349,2026-02-24T12:24:00Z,2026-03-02T02:50:00Z,Wayne Retail 69,Barbara 19,person19@example.com,Middle East,Free,Web,Account,How-to,Resolved,Low,Grace 2,Platform,50,386,5,,"Export includes commas, quotes ""and"" unusual values"
CASE-000350,2026-02-27T19:37:00Z,2026-03-05T09:03:00Z,Wonka Healthcare 70,Donald 20,person20@example.com,Latin America,Pro,Partner,Billing,Bug,Closed,Medium,Linus 3,Growth,61,433,6,5,Forge billing question 350
CASE-000351,2026-03-02T02:50:00Z,2026-03-08T16:16:00Z,Acme SaaS 1,Ada 21,person21@example.com,North America,Business,Email,Data,Request,New,High,Margaret 4,Design,72,,0,1,Helix export question 351
CASE-000352,2026-03-05T09:03:00Z,2026-03-11T23:29:00Z,Globex Fintech 2,Grace 22,person22@example.com,Europe,Enterprise,Chat,Performance,Incident,Open,Urgent,Alan 5,Data,83,,1,2,Ion latency question 352
CASE-000353,2026-03-08T16:16:00Z,2026-03-14T06:42:00Z,Initech Retail 3,Linus 23,person23@example.com,Asia Pacific,Free,Phone,Security,How-to,Waiting,Low,Katherine 6,Security,94,574,2,3,Atlas login question 353
CASE-000354,2026-03-11T23:29:00Z,2026-03-17T13:55:00Z,Umbrella Healthcare 4,Margaret 24,person24@example.com,Middle East,Pro,Web,Integration,Bug,Resolved,Medium,Edsger 7,Support,105,621,3,4,Beacon billing question 354
CASE-000355,2026-03-14T06:42:00Z,2026-03-20T20:08:00Z,Stark Media 5,Alan 25,person25@example.com,Latin America,Business,Partner,Account,Request,Closed,High,Radia 8,Platform,116,668,4,,Canvas export question 355
CASE-000356,2026-03-17T13:55:00Z,2026-03-23T03:21:00Z,Wayne Logistics 6,Katherine 26,person26@example.com,North America,Enterprise,Email,Billing,Incident,New,Urgent,Barbara 9,Growth,127,,5,1,Delta latency question 356
CASE-000357,2026-03-20T20:08:00Z,2026-03-26T10:34:00Z,Wonka SaaS 7,Edsger 27,person27@example.com,Europe,Free,Chat,Data,How-to,Open,Low,Donald 10,Design,138,,6,2,Echo login question 357
CASE-000358,2026-03-23T03:21:00Z,2026-03-29T17:47:00Z,Acme Fintech 8,Radia 28,person28@example.com,Asia Pacific,Pro,Phone,Performance,Bug,Waiting,Medium,Ada 11,Data,149,809,0,3,Forge billing question 358
CASE-000359,2026-03-26T10:34:00Z,2026-04-01T00:00:00Z,Globex Retail 9,Barbara 29,person29@example.com,Middle East,Business,Web,Security,Request,Resolved,High,Grace 12,Security,160,856,1,4,Helix export question 359
CASE-000360,2026-03-29T17:47:00Z,2026-04-04T07:13:00Z,Initech Healthcare 10,Donald 30,person30@example.com,Latin America,Enterprise,Partner,Integration,Incident,Closed,Urgent,Linus 13,Support,171,903,2,5,Ion latency question 360
CASE-000361,2026-04-01T00:00:00Z,2026-04-07T14:26:00Z,Umbrella Media 11,Ada 1,person1@example.com,North America,Free,Email,Account,How-to,New,Low,Margaret 14,Platform,2,,3,,Atlas login question 361
CASE-000362,2026-04-04T07:13:00Z,2026-04-10T21:39:00Z,Stark Logistics 12,Grace 2,person2@example.com,Europe,Pro,Chat,Billing,Bug,Open,Medium,Alan 15,Growth,,,4,2,Beacon billing question 362
CASE-000363,2026-04-07T14:26:00Z,2026-04-13T04:52:00Z,Wayne SaaS 13,Linus 3,person3@example.com,Asia Pacific,Business,Phone,Data,Request,Waiting,High,Katherine 16,Design,24,1044,5,3,Canvas export question 363
CASE-000364,2026-04-10T21:39:00Z,2026-04-16T11:05:00Z,Wonka Fintech 14,Margaret 4,person4@example.com,Middle East,Enterprise,Web,Performance,Incident,Resolved,Urgent,Edsger 17,Data,35,1091,6,4,Delta latency question 364
CASE-000365,2026-04-13T04:52:00Z,2026-04-19T18:18:00Z,Acme Retail 15,Alan 5,person5@example.com,Latin America,Free,Partner,Security,How-to,Closed,Low,Radia 18,Security,46,1138,0,5,Echo login question 365
CASE-000366,2026-04-16T11:05:00Z,2026-04-22T01:31:00Z,Globex Healthcare 16,Katherine 6,person6@example.com,North America,Pro,Email,Integration,Bug,New,Medium,Barbara 19,Support,57,,1,1,Forge billing question 366
CASE-000367,2026-04-19T18:18:00Z,2026-04-25T08:44:00Z,Initech Media 17,Edsger 7,person7@example.com,Europe,Business,Chat,Account,Request,Open,High,Donald 20,Platform,68,,2,,Helix export question 367
CASE-000368,2026-04-22T01:31:00Z,2026-04-28T15:57:00Z,Umbrella Logistics 18,Radia 8,person8@example.com,Asia Pacific,Enterprise,Phone,Billing,Incident,Waiting,Urgent,Ada 21,Growth,79,1279,3,3,Ion latency question 368
CASE-000369,2026-04-25T08:44:00Z,2026-05-01T22:10:00Z,Stark SaaS 19,Barbara 9,person9@example.com,Middle East,Free,Web,Data,How-to,Resolved,Low,Grace 22,Design,90,1326,4,4,Atlas login question 369
CASE-000370,2026-04-28T15:57:00Z,2026-05-04T05:23:00Z,Wayne Fintech 20,Donald 10,person10@example.com,Latin America,Pro,Partner,Performance,Bug,Closed,Medium,Linus 23,Data,101,1373,5,5,Beacon billing question 370
CASE-000371,2026-05-01T22:10:00Z,2026-05-07T12:36:00Z,Wonka Retail 21,Ada 11,person11@example.com,North America,Business,Email,Security,Request,New,High,Margaret 24,Security,112,,6,1,Canvas export question 371
CASE-000372,2026-05-04T05:23:00Z,2026-05-10T19:49:00Z,Acme Healthcare 22,Grace 12,person12@example.com,Europe,Enterprise,Chat,Integration,Incident,Open,Urgent,Alan 25,Support,123,,0,2,Delta latency question 372
CASE-000373,2026-05-07T12:36:00Z,2026-05-13T02:02:00Z,Globex Media 23,Linus 13,person13@example.com,Asia Pacific,Free,Phone,Account,How-to,Waiting,Low,Katherine 26,Platform,134,1514,1,,Echo login question 373
CASE-000374,2026-05-10T19:49:00Z,2026-05-16T09:15:00Z,Initech Logistics 24,Margaret 14,person14@example.com,Middle East,Pro,Web,Billing,Bug,Resolved,Medium,Edsger 27,Growth,145,1561,2,4,Forge billing question 374
CASE-000375,2026-05-13T02:02:00Z,2026-05-19T16:28:00Z,Umbrella SaaS 25,Alan 15,person15@example.com,Latin America,Business,Partner,Data,Request,Closed,High,Radia 28,Design,156,1608,3,5,Helix export question 375
CASE-000376,2026-05-16T09:15:00Z,2026-05-22T23:41:00Z,Stark Fintech 26,Katherine 16,person16@example.com,North America,Enterprise,Email,Performance,Incident,New,Urgent,Barbara 29,Data,167,,4,1,Ion latency question 376
CASE-000377,2026-05-19T16:28:00Z,2026-05-25T06:54:00Z,Wayne Retail 27,Edsger 17,person17@example.com,Europe,Free,Chat,Security,How-to,Open,Low,Donald 30,Security,178,,5,2,Atlas login question 377
CASE-000378,2026-05-22T23:41:00Z,2026-05-28T13:07:00Z,Wonka Healthcare 28,Radia 18,person18@example.com,Asia Pacific,Pro,Phone,Integration,Bug,Waiting,Medium,Ada 1,Support,9,1749,6,3,"Export includes commas, quotes ""and"" unusual values"
CASE-000379,2026-05-25T06:54:00Z,2026-05-31T20:20:00Z,Acme Media 29,Barbara 19,person19@example.com,Middle East,Business,Web,Account,Request,Resolved,High,Grace 2,Platform,20,1796,0,,Canvas export question 379
CASE-000380,2026-05-28T13:07:00Z,2026-06-03T03:33:00Z,Globex Logistics 30,Donald 20,person20@example.com,Latin America,Enterprise,Partner,Billing,Incident,Closed,Urgent,Linus 3,Growth,31,1843,1,5,Delta latency question 380
CASE-000381,2026-05-31T20:20:00Z,2026-06-06T10:46:00Z,Initech SaaS 31,Ada 21,person21@example.com,North America,Free,Email,Data,How-to,New,Low,Margaret 4,Design,,,2,1,Echo login question 381
CASE-000382,2026-06-03T03:33:00Z,2026-06-09T17:59:00Z,Umbrella Fintech 32,Grace 22,person22@example.com,Europe,Pro,Chat,Performance,Bug,Open,Medium,Alan 5,Data,53,,3,2,Forge billing question 382
CASE-000383,2026-06-06T10:46:00Z,2026-06-12T00:12:00Z,Stark Retail 33,Linus 23,person23@example.com,Asia Pacific,Business,Phone,Security,Request,Waiting,High,Katherine 6,Security,64,1984,4,3,Helix export question 383
CASE-000384,2026-06-09T17:59:00Z,2026-06-15T07:25:00Z,Wayne Healthcare 34,Margaret 24,person24@example.com,Middle East,Enterprise,Web,Integration,Incident,Resolved,Urgent,Edsger 7,Support,75,2031,5,4,Ion latency question 384
CASE-000385,2026-06-12T00:12:00Z,2026-06-18T14:38:00Z,Wonka Media 35,Alan 25,person25@example.com,Latin America,Free,Partner,Account,How-to,Closed,Low,Radia 8,Platform,86,2078,6,,Atlas login question 385
CASE-000386,2026-06-15T07:25:00Z,2026-06-21T21:51:00Z,Acme Logistics 36,Katherine 26,person26@example.com,North America,Pro,Email,Billing,Bug,New,Medium,Barbara 9,Growth,97,,0,1,Beacon billing question 386
CASE-000387,2026-06-18T14:38:00Z,2026-06-24T04:04:00Z,Globex SaaS 37,Edsger 27,person27@example.com,Europe,Business,Chat,Data,Request,Open,High,Donald 10,Design,108,,1,2,Canvas export question 387
CASE-000388,2026-06-21T21:51:00Z,2026-06-27T11:17:00Z,Initech Fintech 38,Radia 28,person28@example.com,Asia Pacific,Enterprise,Phone,Performance,Incident,Waiting,Urgent,Ada 11,Data,119,2219,2,3,Delta latency question 388
CASE-000389,2026-06-24T04:04:00Z,2026-06-30T18:30:00Z,Umbrella Retail 39,Barbara 29,person29@example.com,Middle East,Free,Web,Security,How-to,Resolved,Low,Grace 12,Security,130,2266,3,4,Echo login question 389
CASE-000390,2026-06-27T11:17:00Z,2026-07-03T01:43:00Z,Stark Healthcare 40,Donald 30,person30@example.com,Latin America,Pro,Partner,Integration,Bug,Closed,Medium,Linus 13,Support,141,2313,4,5,Forge billing question 390
CASE-000391,2026-06-30T18:30:00Z,2026-07-06T08:56:00Z,Wayne Media 41,Ada 1,person1@example.com,North America,Business,Email,Account,Request,New,High,Margaret 14,Platform,152,,5,,Helix export question 391
CASE-000392,2026-07-03T01:43:00Z,2026-07-09T15:09:00Z,Wonka Logistics 42,Grace 2,person2@example.com,Europe,Enterprise,Chat,Billing,Incident,Open,Urgent,Alan 15,Growth,163,,6,2,Ion latency question 392
CASE-000393,2026-07-06T08:56:00Z,2026-07-12T22:22:00Z,Acme SaaS 43,Linus 3,person3@example.com,Asia Pacific,Free,Phone,Data,How-to,Waiting,Low,Katherine 16,Design,174,2454,0,3,Atlas login question 393
CASE-000394,2026-07-09T15:09:00Z,2026-07-15T05:35:00Z,Globex Fintech 44,Margaret 4,person4@example.com,Middle East,Pro,Web,Performance,Bug,Resolved,Medium,Edsger 17,Data,5,2501,1,4,Beacon billing question 394
CASE-000395,2026-07-12T22:22:00Z,2026-07-18T12:48:00Z,Initech Retail 45,Alan 5,person5@example.com,Latin America,Business,Partner,Security,Request,Closed,High,Radia 18,Security,16,2548,2,5,Canvas export question 395
CASE-000396,2026-07-15T05:35:00Z,2026-07-21T19:01:00Z,Umbrella Healthcare 46,Katherine 6,person6@example.com,North America,Enterprise,Email,Integration,Incident,New,Urgent,Barbara 19,Support,27,,3,1,Delta latency question 396
CASE-000397,2026-07-18T12:48:00Z,2026-07-24T02:14:00Z,Stark Media 47,Edsger 7,person7@example.com,Europe,Free,Chat,Account,How-to,Open,Low,Donald 20,Platform,38,,4,,Echo login question 397
CASE-000398,2026-07-21T19:01:00Z,2026-07-27T09:27:00Z,Wayne Logistics 48,Radia 8,person8@example.com,Asia Pacific,Pro,Phone,Billing,Bug,Waiting,Medium,Ada 21,Growth,49,2689,5,3,Forge billing question 398
CASE-000399,2026-07-24T02:14:00Z,2026-07-30T16:40:00Z,Wonka SaaS 49,Barbara 9,person9@example.com,Middle East,Business,Web,Data,Request,Resolved,High,Grace 22,Design,60,2736,6,4,Helix export question 399
CASE-000400,2026-07-27T09:27:00Z,2026-08-02T23:53:00Z,Acme Fintech 50,Donald 10,person10@example.com,Latin America,Enterprise,Partner,Performance,Incident,Closed,Urgent,Linus 23,Data,,2783,0,5,Ion latency question 400
CASE-000401,2026-07-30T16:40:00Z,2026-08-05T06:06:00Z,Globex Retail 51,Ada 11,person11@example.com,North America,Free,Email,Security,How-to,New,Low,Margaret 24,Security,82,,1,1,Atlas login question 401
CASE-000402,2026-08-02T23:53:00Z,2026-08-08T13:19:00Z,Initech Healthcare 52,Grace 12,person12@example.com,Europe,Pro,Chat,Integration,Bug,Open,Medium,Alan 25,Support,93,,2,2,Beacon billing question 402
CASE-000403,2026-08-05T06:06:00Z,2026-08-11T20:32:00Z,Umbrella Media 53,Linus 13,person13@example.com,Asia Pacific,Business,Phone,Account,Request,Waiting,High,Katherine 26,Platform,104,2924,3,,Canvas export question 403
CASE-000404,2026-08-08T13:19:00Z,2026-08-14T03:45:00Z,Stark Logistics 54,Margaret 14,person14@example.com,Middle East,Enterprise,Web,Billing,Incident,Resolved,Urgent,Edsger 27,Growth,115,2971,4,4,Delta latency question 404
CASE-000405,2026-08-11T20:32:00Z,2026-08-17T10:58:00Z,Wayne SaaS 55,Alan 15,person15@example.com,Latin America,Free,Partner,Data,How-to,Closed,Low,Radia 28,Design,126,3018,5,5,Echo login question 405
CASE-000406,2026-08-14T03:45:00Z,2026-08-20T17:11:00Z,Wonka Fintech 56,Katherine 16,person16@example.com,North America,Pro,Email,Performance,Bug,New,Medium,Barbara 29,Data,137,,6,1,Forge billing question 406
CASE-000407,2026-08-17T10:58:00Z,2026-08-23T00:24:00Z,Acme Retail 57,Edsger 17,person17@example.com,Europe,Business,Chat,Security,Request,Open,High,Donald 30,Security,148,,0,2,"Export includes commas, quotes ""and"" unusual values"
CASE-000408,2026-08-20T17:11:00Z,2026-08-26T07:37:00Z,Globex Healthcare 58,Radia 18,person18@example.com,Asia Pacific,Enterprise,Phone,Integration,Incident,Waiting,Urgent,Ada 1,Support,159,3159,1,3,Ion latency question 408
CASE-000409,2026-08-23T00:24:00Z,2026-08-29T14:50:00Z,Initech Media 59,Barbara 19,person19@example.com,Middle East,Free,Web,Account,How-to,Resolved,Low,Grace 2,Platform,170,3206,2,,Atlas login question 409
CASE-000410,2026-08-26T07:37:00Z,2026-09-01T21:03:00Z,Umbrella Logistics 60,Donald 20,person20@example.com,Latin America,Pro,Partner,Billing,Bug,Closed,Medium,Linus 3,Growth,181,3253,3,5,Beacon billing question 410
CASE-000411,2026-08-29T14:50:00Z,2026-09-04T04:16:00Z,Stark SaaS 61,Ada 21,person21@example.com,North America,Business,Email,Data,Request,New,High,Margaret 4,Design,12,,4,1,Canvas export question 411
CASE-000412,2026-09-01T21:03:00Z,2026-09-07T11:29:00Z,Wayne Fintech 62,Grace 22,person22@example.com,Europe,Enterprise,Chat,Performance,Incident,Open,Urgent,Alan 5,Data,23,,5,2,Delta latency question 412
CASE-000413,2026-09-04T04:16:00Z,2026-09-10T18:42:00Z,Wonka Retail 63,Linus 23,person23@example.com,Asia Pacific,Free,Phone,Security,How-to,Waiting,Low,Katherine 6,Security,34,3394,6,3,Echo login question 413
CASE-000414,2026-09-07T11:29:00Z,2026-09-13T01:55:00Z,Acme Healthcare 64,Margaret 24,person24@example.com,Middle East,Pro,Web,Integration,Bug,Resolved,Medium,Edsger 7,Support,45,3441,0,4,Forge billing question 414
CASE-000415,2026-09-10T18:42:00Z,2026-09-16T08:08:00Z,Globex Media 65,Alan 25,person25@example.com,Latin America,Business,Partner,Account,Request,Closed,High,Radia 8,Platform,56,3488,1,,Helix export question 415
CASE-000416,2026-09-13T01:55:00Z,2026-09-19T15:21:00Z,Initech Logistics 66,Katherine 26,person26@example.com,North America,Enterprise,Email,Billing,Incident,New,Urgent,Barbara 9,Growth,67,,2,1,Ion latency question 416
CASE-000417,2026-09-16T08:08:00Z,2026-09-22T22:34:00Z,Umbrella SaaS 67,Edsger 27,person27@example.com,Europe,Free,Chat,Data,How-to,Open,Low,Donald 10,Design,78,,3,2,Atlas login question 417
CASE-000418,2026-09-19T15:21:00Z,2026-09-25T05:47:00Z,Stark Fintech 68,Radia 28,person28@example.com,Asia Pacific,Pro,Phone,Performance,Bug,Waiting,Medium,Ada 11,Data,89,3629,4,3,Beacon billing question 418
CASE-000419,2026-09-22T22:34:00Z,2026-09-28T12:00:00Z,Wayne Retail 69,Barbara 29,person29@example.com,Middle East,Business,Web,Security,Request,Resolved,High,Grace 12,Security,,3676,5,4,Canvas export question 419
CASE-000420,2026-09-25T05:47:00Z,2026-10-01T19:13:00Z,Wonka Healthcare 70,Donald 30,person30@example.com,Latin America,Enterprise,Partner,Integration,Incident,Closed,Urgent,Linus 13,Support,111,3723,6,5,Delta latency question 420
CASE-000421,2026-09-28T12:00:00Z,2026-10-04T02:26:00Z,Acme SaaS 1,Ada 1,person1@example.com,North America,Free,Email,Account,How-to,New,Low,Margaret 14,Platform,122,,0,,Echo login question 421
CASE-000422,2026-10-01T19:13:00Z,2026-10-07T09:39:00Z,Globex Fintech 2,Grace 2,person2@example.com,Europe,Pro,Chat,Billing,Bug,Open,Medium,Alan 15,Growth,133,,1,2,Forge billing question 422
CASE-000423,2026-10-04T02:26:00Z,2026-10-10T16:52:00Z,Initech Retail 3,Linus 3,person3@example.com,Asia Pacific,Business,Phone,Data,Request,Waiting,High,Katherine 16,Design,144,3864,2,3,Helix export question 423
CASE-000424,2026-10-07T09:39:00Z,2026-10-13T23:05:00Z,Umbrella Healthcare 4,Margaret 4,person4@example.com,Middle East,Enterprise,Web,Performance,Incident,Resolved,Urgent,Edsger 17,Data,155,3911,3,4,Ion latency question 424
CASE-000425,2026-10-10T16:52:00Z,2026-10-16T06:18:00Z,Stark Media 5,Alan 5,person5@example.com,Latin America,Free,Partner,Security,How-to,Closed,Low,Radia 18,Security,166,3958,4,5,Atlas login question 425
CASE-000426,2026-10-13T23:05:00Z,2026-10-19T13:31:00Z,Wayne Logistics 6,Katherine 6,person6@example.com,North America,Pro,Email,Integration,Bug,New,Medium,Barbara 19,Support,177,,5,1,Beacon billing question 426
CASE-000427,2026-10-16T06:18:00Z,2026-10-22T20:44:00Z,Wonka SaaS 7,Edsger 7,person7@example.com,Europe,Business,Chat,Account,Request,Open,High,Donald 20,Platform,8,,6,,Canvas export question 427
CASE-000428,2026-10-19T13:31:00Z,2026-10-25T03:57:00Z,Acme Fintech 8,Radia 8,person8@example.com,Asia Pacific,Enterprise,Phone,Billing,Incident,Waiting,Urgent,Ada 21,Growth,19,99,0,3,Delta latency question 428
CASE-000429,2026-10-22T20:44:00Z,2026-10-28T10:10:00Z,Globex Retail 9,Barbara 9,person9@example.com,Middle East,Free,Web,Data,How-to,Resolved,Low,Grace 22,Design,30,146,1,4,Echo login question 429
CASE-000430,2026-10-25T03:57:00Z,2026-10-31T17:23:00Z,Initech Healthcare 10,Donald 10,person10@example.com,Latin America,Pro,Partner,Performance,Bug,Closed,Medium,Linus 23,Data,41,193,2,5,Forge billing question 430
CASE-000431,2026-10-28T10:10:00Z,2026-11-03T00:36:00Z,Umbrella Media 11,Ada 11,person11@example.com,North America,Business,Email,Security,Request,New,High,Margaret 24,Security,52,,3,1,Helix export question 431
CASE-000432,2026-10-31T17:23:00Z,2026-11-06T07:49:00Z,Stark Logistics 12,Grace 12,person12@example.com,Europe,Enterprise,Chat,Integration,Incident,Open,Urgent,Alan 25,Support,63,,4,2,Ion latency question 432
CASE-000433,2026-11-03T00:36:00Z,2026-11-09T14:02:00Z,Wayne SaaS 13,Linus 13,person13@example.com,Asia Pacific,Free,Phone,Account,How-to,Waiting,Low,Katherine 26,Platform,74,334,5,,Atlas login question 433
CASE-000434,2026-11-06T07:49:00Z,2026-11-12T21:15:00Z,Wonka Fintech 14,Margaret 14,person14@example.com,Middle East,Pro,Web,Billing,Bug,Resolved,Medium,Edsger 27,Growth,85,381,6,4,Beacon billing question 434
CASE-000435,2026-11-09T14:02:00Z,2026-11-15T04:28:00Z,Acme Retail 15,Alan 15,person15@example.com,Latin America,Business,Partner,Data,Request,Closed,High,Radia 28,Design,96,428,0,5,Canvas export question 435
CASE-000436,2026-11-12T21:15:00Z,2026-11-18T11:41:00Z,Globex Healthcare 16,Katherine 16,person16@example.com,North America,Enterprise,Email,Performance,Incident,New,Urgent,Barbara 29,Data,107,,1,1,"Export includes commas, quotes ""and"" unusual values"
CASE-000437,2026-11-15T04:28:00Z,2026-11-21T18:54:00Z,Initech Media 17,Edsger 17,person17@example.com,Europe,Free,Chat,Security,How-to,Open,Low,Donald 30,Security,118,,2,2,Echo login question 437
CASE-000438,2026-11-18T11:41:00Z,2026-11-24T01:07:00Z,Umbrella Logistics 18,Radia 18,person18@example.com,Asia Pacific,Pro,Phone,Integration,Bug,Waiting,Medium,Ada 1,Support,,569,3,3,Forge billing question 438
CASE-000439,2026-11-21T18:54:00Z,2026-01-01T08:20:00Z,Stark SaaS 19,Barbara 19,person19@example.com,Middle East,Business,Web,Account,Request,Resolved,High,Grace 2,Platform,140,616,4,,Helix export question 439
CASE-000440,2026-11-24T01:07:00Z,2026-01-04T15:33:00Z,Wayne Fintech 20,Donald 20,person20@example.com,Latin America,Enterprise,Partner,Billing,Incident,Closed,Urgent,Linus 3,Growth,151,663,5,5,Ion latency question 440
CASE-000441,2026-01-01T08:20:00Z,2026-01-07T22:46:00Z,Wonka Retail 21,Ada 21,person21@example.com,North America,Free,Email,Data,How-to,New,Low,Margaret 4,Design,162,,6,1,Atlas login question 441
CASE-000442,2026-01-04T15:33:00Z,2026-01-10T05:59:00Z,Acme Healthcare 22,Grace 22,person22@example.com,Europe,Pro,Chat,Performance,Bug,Open,Medium,Alan 5,Data,173,,0,2,Beacon billing question 442
CASE-000443,2026-01-07T22:46:00Z,2026-01-13T12:12:00Z,Globex Media 23,Linus 23,person23@example.com,Asia Pacific,Business,Phone,Security,Request,Waiting,High,Katherine 6,Security,4,804,1,3,Canvas export question 443
CASE-000444,2026-01-10T05:59:00Z,2026-01-16T19:25:00Z,Initech Logistics 24,Margaret 24,person24@example.com,Middle East,Enterprise,Web,Integration,Incident,Resolved,Urgent,Edsger 7,Support,15,851,2,4,Delta latency question 444
CASE-000445,2026-01-13T12:12:00Z,2026-01-19T02:38:00Z,Umbrella SaaS 25,Alan 25,person25@example.com,Latin America,Free,Partner,Account,How-to,Closed,Low,Radia 8,Platform,26,898,3,,Echo login question 445
CASE-000446,2026-01-16T19:25:00Z,2026-01-22T09:51:00Z,Stark Fintech 26,Katherine 26,person26@example.com,North America,Pro,Email,Billing,Bug,New,Medium,Barbara 9,Growth,37,,4,1,Forge billing question 446
CASE-000447,2026-01-19T02:38:00Z,2026-01-25T16:04:00Z,Wayne Retail 27,Edsger 27,person27@example.com,Europe,Business,Chat,Data,Request,Open,High,Donald 10,Design,48,,5,2,Helix export question 447
CASE-000448,2026-01-22T09:51:00Z,2026-01-28T23:17:00Z,Wonka Healthcare 28,Radia 28,person28@example.com,Asia Pacific,Enterprise,Phone,Performance,Incident,Waiting,Urgent,Ada 11,Data,59,1039,6,3,Ion latency question 448
CASE-000449,2026-01-25T16:04:00Z,2026-01-31T06:30:00Z,Acme Media 29,Barbara 29,person29@example.com,Middle East,Free,Web,Security,How-to,Resolved,Low,Grace 12,Security,70,1086,0,4,Atlas login question 449
CASE-000450,2026-01-28T23:17:00Z,2026-02-03T13:43:00Z,Globex Logistics 30,Donald 30,person30@example.com,Latin America,Pro,Partner,Integration,Bug,Closed,Medium,Linus 13,Support,81,1133,1,5,Beacon billing question 450
CASE-000451,2026-01-31T06:30:00Z,2026-02-06T20:56:00Z,Initech SaaS 31,Ada 1,person1@example.com,North America,Business,Email,Account,Request,New,High,Margaret 14,Platform,92,,2,,Canvas export question 451
CASE-000452,2026-02-03T13:43:00Z,2026-02-09T03:09:00Z,Umbrella Fintech 32,Grace 2,person2@example.com,Europe,Enterprise,Chat,Billing,Incident,Open,Urgent,Alan 15,Growth,103,,3,2,Delta latency question 452
CASE-000453,2026-02-06T20:56:00Z,2026-02-12T10:22:00Z,Stark Retail 33,Linus 3,person3@example.com,Asia Pacific,Free,Phone,Data,How-to,Waiting,Low,Katherine 16,Design,114,1274,4,3,Echo login question 453
CASE-000454,2026-02-09T03:09:00Z,2026-02-15T17:35:00Z,Wayne Healthcare 34,Margaret 4,person4@example.com,Middle East,Pro,Web,Performance,Bug,Resolved,Medium,Edsger 17,Data,125,1321,5,4,Forge billing question 454
CASE-000455,2026-02-12T10:22:00Z,2026-02-18T00:48:00Z,Wonka Media 35,Alan 5,person5@example.com,Latin America,Business,Partner,Security,Request,Closed,High,Radia 18,Security,136,1368,6,5,Helix export question 455
CASE-000456,2026-02-15T17:35:00Z,2026-02-21T07:01:00Z,Acme Logistics 36,Katherine 6,person6@example.com,North America,Enterprise,Email,Integration,Incident,New,Urgent,Barbara 19,Support,147,,0,1,Ion latency question 456
CASE-000457,2026-02-18T00:48:00Z,2026-02-24T14:14:00Z,Globex SaaS 37,Edsger 7,person7@example.com,Europe,Free,Chat,Account,How-to,Open,Low,Donald 20,Platform,,,1,,Atlas login question 457
CASE-000458,2026-02-21T07:01:00Z,2026-02-27T21:27:00Z,Initech Fintech 38,Radia 8,person8@example.com,Asia Pacific,Pro,Phone,Billing,Bug,Waiting,Medium,Ada 21,Growth,169,1509,2,3,Beacon billing question 458
CASE-000459,2026-02-24T14:14:00Z,2026-03-02T04:40:00Z,Umbrella Retail 39,Barbara 9,person9@example.com,Middle East,Business,Web,Data,Request,Resolved,High,Grace 22,Design,180,1556,3,4,Canvas export question 459
CASE-000460,2026-02-27T21:27:00Z,2026-03-05T11:53:00Z,Stark Healthcare 40,Donald 10,person10@example.com,Latin America,Enterprise,Partner,Performance,Incident,Closed,Urgent,Linus 23,Data,11,1603,4,5,Delta latency question 460
CASE-000461,2026-03-02T04:40:00Z,2026-03-08T18:06:00Z,Wayne Media 41,Ada 11,person11@example.com,North America,Free,Email,Security,How-to,New,Low,Margaret 24,Security,22,,5,1,Echo login question 461
CASE-000462,2026-03-05T11:53:00Z,2026-03-11T01:19:00Z,Wonka Logistics 42,Grace 12,person12@example.com,Europe,Pro,Chat,Integration,Bug,Open,Medium,Alan 25,Support,33,,6,2,Forge billing question 462
CASE-000463,2026-03-08T18:06:00Z,2026-03-14T08:32:00Z,Acme SaaS 43,Linus 13,person13@example.com,Asia Pacific,Business,Phone,Account,Request,Waiting,High,Katherine 26,Platform,44,1744,0,,Helix export question 463
CASE-000464,2026-03-11T01:19:00Z,2026-03-17T15:45:00Z,Globex Fintech 44,Margaret 14,person14@example.com,Middle East,Enterprise,Web,Billing,Incident,Resolved,Urgent,Edsger 27,Growth,55,1791,1,4,Ion latency question 464
CASE-000465,2026-03-14T08:32:00Z,2026-03-20T22:58:00Z,Initech Retail 45,Alan 15,person15@example.com,Latin America,Free,Partner,Data,How-to,Closed,Low,Radia 28,Design,66,1838,2,5,"Export includes commas, quotes ""and"" unusual values"
CASE-000466,2026-03-17T15:45:00Z,2026-03-23T05:11:00Z,Umbrella Healthcare 46,Katherine 16,person16@example.com,North America,Pro,Email,Performance,Bug,New,Medium,Barbara 29,Data,77,,3,1,Beacon billing question 466
CASE-000467,2026-03-20T22:58:00Z,2026-03-26T12:24:00Z,Stark Media 47,Edsger 17,person17@example.com,Europe,Business,Chat,Security,Request,Open,High,Donald 30,Security,88,,4,2,Canvas export question 467
CASE-000468,2026-03-23T05:11:00Z,2026-03-29T19:37:00Z,Wayne Logistics 48,Radia 18,person18@example.com,Asia Pacific,Enterprise,Phone,Integration,Incident,Waiting,Urgent,Ada 1,Support,99,1979,5,3,Delta latency question 468
CASE-000469,2026-03-26T12:24:00Z,2026-04-01T02:50:00Z,Wonka SaaS 49,Barbara 19,person19@example.com,Middle East,Free,Web,Account,How-to,Resolved,Low,Grace 2,Platform,110,2026,6,,Echo login question 469
CASE-000470,2026-03-29T19:37:00Z,2026-04-04T09:03:00Z,Acme Fintech 50,Donald 20,person20@example.com,Latin America,Pro,Partner,Billing,Bug,Closed,Medium,Linus 3,Growth,121,2073,0,5,Forge billing question 470
CASE-000471,2026-04-01T02:50:00Z,2026-04-07T16:16:00Z,Globex Retail 51,Ada 21,person21@example.com,North America,Business,Email,Data,Request,New,High,Margaret 4,Design,132,,1,1,Helix export question 471
CASE-000472,2026-04-04T09:03:00Z,2026-04-10T23:29:00Z,Initech Healthcare 52,Grace 22,person22@example.com,Europe,Enterprise,Chat,Performance,Incident,Open,Urgent,Alan 5,Data,143,,2,2,Ion latency question 472
CASE-000473,2026-04-07T16:16:00Z,2026-04-13T06:42:00Z,Umbrella Media 53,Linus 23,person23@example.com,Asia Pacific,Free,Phone,Security,How-to,Waiting,Low,Katherine 6,Security,154,2214,3,3,Atlas login question 473
CASE-000474,2026-04-10T23:29:00Z,2026-04-16T13:55:00Z,Stark Logistics 54,Margaret 24,person24@example.com,Middle East,Pro,Web,Integration,Bug,Resolved,Medium,Edsger 7,Support,165,2261,4,4,Beacon billing question 474
CASE-000475,2026-04-13T06:42:00Z,2026-04-19T20:08:00Z,Wayne SaaS 55,Alan 25,person25@example.com,Latin America,Business,Partner,Account,Request,Closed,High,Radia 8,Platform,176,2308,5,,Canvas export question 475
CASE-000476,2026-04-16T13:55:00Z,2026-04-22T03:21:00Z,Wonka Fintech 56,Katherine 26,person26@example.com,North America,Enterprise,Email,Billing,Incident,New,Urgent,Barbara 9,Growth,,,6,1,Delta latency question 476
CASE-000477,2026-04-19T20:08:00Z,2026-04-25T10:34:00Z,Acme Retail 57,Edsger 27,person27@example.com,Europe,Free,Chat,Data,How-to,Open,Low,Donald 10,Design,18,,0,2,Echo login question 477
CASE-000478,2026-04-22T03:21:00Z,2026-04-28T17:47:00Z,Globex Healthcare 58,Radia 28,person28@example.com,Asia Pacific,Pro,Phone,Performance,Bug,Waiting,Medium,Ada 11,Data,29,2449,1,3,Forge billing question 478
CASE-000479,2026-04-25T10:34:00Z,2026-05-01T00:00:00Z,Initech Media 59,Barbara 29,person29@example.com,Middle East,Business,Web,Security,Request,Resolved,High,Grace 12,Security,40,2496,2,4,Helix export question 479
CASE-000480,2026-04-28T17:47:00Z,2026-05-04T07:13:00Z,Umbrella Logistics 60,Donald 30,person30@example.com,Latin America,Enterprise,Partner,Integration,Incident,Closed,Urgent,Linus 13,Support,51,2543,3,5,Ion latency question 480
CASE-000481,2026-05-01T00:00:00Z,2026-05-07T14:26:00Z,Stark SaaS 61,Ada 1,person1@example.com,North America,Free,Email,Account,How-to,New,Low,Margaret 14,Platform,62,,4,,Atlas login question 481
CASE-000482,2026-05-04T07:13:00Z,2026-05-10T21:39:00Z,Wayne Fintech 62,Grace 2,person2@example.com,Europe,Pro,Chat,Billing,Bug,Open,Medium,Alan 15,Growth,73,,5,2,Beacon billing question 482
CASE-000483,2026-05-07T14:26:00Z,2026-05-13T04:52:00Z,Wonka Retail 63,Linus 3,person3@example.com,Asia Pacific,Business,Phone,Data,Request,Waiting,High,Katherine 16,Design,84,2684,6,3,Canvas export question 483
CASE-000484,2026-05-10T21:39:00Z,2026-05-16T11:05:00Z,Acme Healthcare 64,Margaret 4,person4@example.com,Middle East,Enterprise,Web,Performance,Incident,Resolved,Urgent,Edsger 17,Data,95,2731,0,4,Delta latency question 484
CASE-000485,2026-05-13T04:52:00Z,2026-05-19T18:18:00Z,Globex Media 65,Alan 5,person5@example.com,Latin America,Free,Partner,Security,How-to,Closed,Low,Radia 18,Security,106,2778,1,5,Echo login question 485
CASE-000486,2026-05-16T11:05:00Z,2026-05-22T01:31:00Z,Initech Logistics 66,Katherine 6,person6@example.com,North America,Pro,Email,Integration,Bug,New,Medium,Barbara 19,Support,117,,2,1,Forge billing question 486
CASE-000487,2026-05-19T18:18:00Z,2026-05-25T08:44:00Z,Umbrella SaaS 67,Edsger 7,person7@example.com,Europe,Business,Chat,Account,Request,Open,High,Donald 20,Platform,128,,3,,Helix export question 487
CASE-000488,2026-05-22T01:31:00Z,2026-05-28T15:57:00Z,Stark Fintech 68,Radia 8,person8@example.com,Asia Pacific,Enterprise,Phone,Billing,Incident,Waiting,Urgent,Ada 21,Growth,139,2919,4,3,Ion latency question 488
CASE-000489,2026-05-25T08:44:00Z,2026-05-31T22:10:00Z,Wayne Retail 69,Barbara 9,person9@example.com,Middle East,Free,Web,Data,How-to,Resolved,Low,Grace 22,Design,150,2966,5,4,Atlas login question 489
CASE-000490,2026-05-28T15:57:00Z,2026-06-03T05:23:00Z,Wonka Healthcare 70,Donald 10,person10@example.com,Latin America,Pro,Partner,Performance,Bug,Closed,Medium,Linus 23,Data,161,3013,6,5,Beacon billing question 490
CASE-000491,2026-05-31T22:10:00Z,2026-06-06T12:36:00Z,Acme SaaS 1,Ada 11,person11@example.com,North America,Business,Email,Security,Request,New,High,Margaret 24,Security,172,,0,1,Canvas export question 491
CASE-000492,2026-06-03T05:23:00Z,2026-06-09T19:49:00Z,Globex Fintech 2,Grace 12,person12@example.com,Europe,Enterprise,Chat,Integration,Incident,Open,Urgent,Alan 25,Support,3,,1,2,Delta latency question 492
CASE-000493,2026-06-06T12:36:00Z,2026-06-12T02:02:00Z,Initech Retail 3,Linus 13,person13@example.com,Asia Pacific,Free,Phone,Account,How-to,Waiting,Low,Katherine 26,Platform,14,3154,2,,Echo login question 493
CASE-000494,2026-06-09T19:49:00Z,2026-06-15T09:15:00Z,Umbrella Healthcare 4,Margaret 14,person14@example.com,Middle East,Pro,Web,Billing,Bug,Resolved,Medium,Edsger 27,Growth,25,3201,3,4,"Export includes commas, quotes ""and"" unusual values"
CASE-000495,2026-06-12T02:02:00Z,2026-06-18T16:28:00Z,Stark Media 5,Alan 15,person15@example.com,Latin America,Business,Partner,Data,Request,Closed,High,Radia 28,Design,,3248,4,5,Helix export question 495
CASE-000496,2026-06-15T09:15:00Z,2026-06-21T23:41:00Z,Wayne Logistics 6,Katherine 16,person16@example.com,North America,Enterprise,Email,Performance,Incident,New,Urgent,Barbara 29,Data,47,,5,1,Ion latency question 496
CASE-000497,2026-06-18T16:28:00Z,2026-06-24T06:54:00Z,Wonka SaaS 7,Edsger 17,person17@example.com,Europe,Free,Chat,Security,How-to,Open,Low,Donald 30,Security,58,,6,2,Atlas login question 497
CASE-000498,2026-06-21T23:41:00Z,2026-06-27T13:07:00Z,Acme Fintech 8,Radia 18,person18@example.com,Asia Pacific,Pro,Phone,Integration,Bug,Waiting,Medium,Ada 1,Support,69,3389,0,3,Beacon billing question 498
CASE-000499,2026-06-24T06:54:00Z,2026-06-30T20:20:00Z,Globex Retail 9,Barbara 19,person19@example.com,Middle East,Business,Web,Account,Request,Resolved,High,Grace 2,Platform,80,3436,1,,Canvas export question 499
CASE-000500,2026-06-27T13:07:00Z,2026-07-03T03:33:00Z,Initech Healthcare 10,Donald 20,person20@example.com,Latin America,Enterprise,Partner,Billing,Incident,Closed,Urgent,Linus 3,Growth,91,3483,2,5,Delta latency question 500
CASE-000501,2026-06-30T20:20:00Z,2026-07-06T10:46:00Z,Umbrella Media 11,Ada 21,person21@example.com,North America,Free,Email,Data,How-to,New,Low,Margaret 4,Design,102,,3,1,Echo login question 501
CASE-000502,2026-07-03T03:33:00Z,2026-07-09T17:59:00Z,Stark Logistics 12,Grace 22,person22@example.com,Europe,Pro,Chat,Performance,Bug,Open,Medium,Alan 5,Data,113,,4,2,Forge billing question 502
CASE-000503,2026-07-06T10:46:00Z,2026-07-12T00:12:00Z,Wayne SaaS 13,Linus 23,person23@example.com,Asia Pacific,Business,Phone,Security,Request,Waiting,High,Katherine 6,Security,124,3624,5,3,Helix export question 503
CASE-000504,2026-07-09T17:59:00Z,2026-07-15T07:25:00Z,Wonka Fintech 14,Margaret 24,person24@example.com,Middle East,Enterprise,Web,Integration,Incident,Resolved,Urgent,Edsger 7,Support,135,3671,6,4,Ion latency question 504
CASE-000505,2026-07-12T00:12:00Z,2026-07-18T14:38:00Z,Acme Retail 15,Alan 25,person25@example.com,Latin America,Free,Partner,Account,How-to,Closed,Low,Radia 8,Platform,146,3718,0,,Atlas login question 505
CASE-000506,2026-07-15T07:25:00Z,2026-07-21T21:51:00Z,Globex Healthcare 16,Katherine 26,person26@example.com,North America,Pro,Email,Billing,Bug,New,Medium,Barbara 9,Growth,157,,1,1,Beacon billing question 506
CASE-000507,2026-07-18T14:38:00Z,2026-07-24T04:04:00Z,Initech Media 17,Edsger 27,person27@example.com,Europe,Business,Chat,Data,Request,Open,High,Donald 10,Design,168,,2,2,Canvas export question 507
CASE-000508,2026-07-21T21:51:00Z,2026-07-27T11:17:00Z,Umbrella Logistics 18,Radia 28,person28@example.com,Asia Pacific,Enterprise,Phone,Performance,Incident,Waiting,Urgent,Ada 11,Data,179,3859,3,3,Delta latency question 508
CASE-000509,2026-07-24T04:04:00Z,2026-07-30T18:30:00Z,Stark SaaS 19,Barbara 29,person29@example.com,Middle East,Free,Web,Security,How-to,Resolved,Low,Grace 12,Security,10,3906,4,4,Echo login question 509
CASE-000510,2026-07-27T11:17:00Z,2026-08-02T01:43:00Z,Wayne Fintech 20,Donald 30,person30@example.com,Latin America,Pro,Partner,Integration,Bug,Closed,Medium,Linus 13,Support,21,3953,5,5,Forge billing question 510
CASE-000511,2026-07-30T18:30:00Z,2026-08-05T08:56:00Z,Wonka Retail 21,Ada 1,person1@example.com,North America,Business,Email,Account,Request,New,High,Margaret 14,Platform,32,,6,,Helix export question 511
CASE-000512,2026-08-02T01:43:00Z,2026-08-08T15:09:00Z,Acme Healthcare 22,Grace 2,person2@example.com,Europe,Enterprise,Chat,Billing,Incident,Open,Urgent,Alan 15,Growth,43,,0,2,Ion latency question 512
CASE-000513,2026-08-05T08:56:00Z,2026-08-11T22:22:00Z,Globex Media 23,Linus 3,person3@example.com,Asia Pacific,Free,Phone,Data,How-to,Waiting,Low,Katherine 16,Design,54,94,1,3,Atlas login question 513
CASE-000514,2026-08-08T15:09:00Z,2026-08-14T05:35:00Z,Initech Logistics 24,Margaret 4,person4@example.com,Middle East,Pro,Web,Performance,Bug,Resolved,Medium,Edsger 17,Data,,141,2,4,Beacon billing question 514
CASE-000515,2026-08-11T22:22:00Z,2026-08-17T12:48:00Z,Umbrella SaaS 25,Alan 5,person5@example.com,Latin America,Business,Partner,Security,Request,Closed,High,Radia 18,Security,76,188,3,5,Canvas export question 515
CASE-000516,2026-08-14T05:35:00Z,2026-08-20T19:01:00Z,Stark Fintech 26,Katherine 6,person6@example.com,North America,Enterprise,Email,Integration,Incident,New,Urgent,Barbara 19,Support,87,,4,1,Delta latency question 516
CASE-000517,2026-08-17T12:48:00Z,2026-08-23T02:14:00Z,Wayne Retail 27,Edsger 7,person7@example.com,Europe,Free,Chat,Account,How-to,Open,Low,Donald 20,Platform,98,,5,,Echo login question 517
CASE-000518,2026-08-20T19:01:00Z,2026-08-26T09:27:00Z,Wonka Healthcare 28,Radia 8,person8@example.com,Asia Pacific,Pro,Phone,Billing,Bug,Waiting,Medium,Ada 21,Growth,109,329,6,3,Forge billing question 518
CASE-000519,2026-08-23T02:14:00Z,2026-08-29T16:40:00Z,Acme Media 29,Barbara 9,person9@example.com,Middle East,Business,Web,Data,Request,Resolved,High,Grace 22,Design,120,376,0,4,Helix export question 519
CASE-000520,2026-08-26T09:27:00Z,2026-09-01T23:53:00Z,Globex Logistics 30,Donald 10,person10@example.com,Latin America,Enterprise,Partner,Performance,Incident,Closed,Urgent,Linus 23,Data,131,423,1,5,Ion latency question 520
CASE-000521,2026-08-29T16:40:00Z,2026-09-04T06:06:00Z,Initech SaaS 31,Ada 11,person11@example.com,North America,Free,Email,Security,How-to,New,Low,Margaret 24,Security,142,,2,1,Atlas login question 521
CASE-000522,2026-09-01T23:53:00Z,2026-09-07T13:19:00Z,Umbrella Fintech 32,Grace 12,person12@example.com,Europe,Pro,Chat,Integration,Bug,Open,Medium,Alan 25,Support,153,,3,2,Beacon billing question 522
CASE-000523,2026-09-04T06:06:00Z,2026-09-10T20:32:00Z,Stark Retail 33,Linus 13,person13@example.com,Asia Pacific,Business,Phone,Account,Request,Waiting,High,Katherine 26,Platform,164,564,4,,"Export includes commas, quotes ""and"" unusual values"
CASE-000524,2026-09-07T13:19:00Z,2026-09-13T03:45:00Z,Wayne Healthcare 34,Margaret 14,person14@example.com,Middle East,Enterprise,Web,Billing,Incident,Resolved,Urgent,Edsger 27,Growth,175,611,5,4,Delta latency question 524
CASE-000525,2026-09-10T20:32:00Z,2026-09-16T10:58:00Z,Wonka Media 35,Alan 15,person15@example.com,Latin America,Free,Partner,Data,How-to,Closed,Low,Radia 28,Design,6,658,6,5,Echo login question 525
CASE-000526,2026-09-13T03:45:00Z,2026-09-19T17:11:00Z,Acme Logistics 36,Katherine 16,person16@example.com,North America,Pro,Email,Performance,Bug,New,Medium,Barbara 29,Data,17,,0,1,Forge billing question 526
CASE-000527,2026-09-16T10:58:00Z,2026-09-22T00:24:00Z,Globex SaaS 37,Edsger 17,person17@example.com,Europe,Business,Chat,Security,Request,Open,High,Donald 30,Security,28,,1,2,Helix export question 527
CASE-000528,2026-09-19T17:11:00Z,2026-09-25T07:37:00Z,Initech Fintech 38,Radia 18,person18@example.com,Asia Pacific,Enterprise,Phone,Integration,Incident,Waiting,Urgent,Ada 1,Support,39,799,2,3,Ion latency question 528
CASE-000529,2026-09-22T00:24:00Z,2026-09-28T14:50:00Z,Umbrella Retail 39,Barbara 19,person19@example.com,Middle East,Free,Web,Account,How-to,Resolved,Low,Grace 2,Platform,50,846,3,,Atlas login question 529
CASE-000530,2026-09-25T07:37:00Z,2026-10-01T21:03:00Z,Stark Healthcare 40,Donald 20,person20@example.com,Latin America,Pro,Partner,Billing,Bug,Closed,Medium,Linus 3,Growth,61,893,4,5,Beacon billing question 530
CASE-000531,2026-09-28T14:50:00Z,2026-10-04T04:16:00Z,Wayne Media 41,Ada 21,person21@example.com,North America,Business,Email,Data,Request,New,High,Margaret 4,Design,72,,5,1,Canvas export question 531
CASE-000532,2026-10-01T21:03:00Z,2026-10-07T11:29:00Z,Wonka Logistics 42,Grace 22,person22@example.com,Europe,Enterprise,Chat,Performance,Incident,Open,Urgent,Alan 5,Data,83,,6,2,Delta latency question 532
CASE-000533,2026-10-04T04:16:00Z,2026-10-10T18:42:00Z,Acme SaaS 43,Linus 23,person23@example.com,Asia Pacific,Free,Phone,Security,How-to,Waiting,Low,Katherine 6,Security,,1034,0,3,Echo login question 533
CASE-000534,2026-10-07T11:29:00Z,2026-10-13T01:55:00Z,Globex Fintech 44,Margaret 24,person24@example.com,Middle East,Pro,Web,Integration,Bug,Resolved,Medium,Edsger 7,Support,105,1081,1,4,Forge billing question 534
CASE-000535,2026-10-10T18:42:00Z,2026-10-16T08:08:00Z,Initech Retail 45,Alan 25,person25@example.com,Latin America,Business,Partner,Account,Request,Closed,High,Radia 8,Platform,116,1128,2,,Helix export question 535
CASE-000536,2026-10-13T01:55:00Z,2026-10-19T15:21:00Z,Umbrella Healthcare 46,Katherine 26,person26@example.com,North America,Enterprise,Email,Billing,Incident,New,Urgent,Barbara 9,Growth,127,,3,1,Ion latency question 536
CASE-000537,2026-10-16T08:08:00Z,2026-10-22T22:34:00Z,Stark Media 47,Edsger 27,person27@example.com,Europe,Free,Chat,Data,How-to,Open,Low,Donald 10,Design,138,,4,2,Atlas login question 537
CASE-000538,2026-10-19T15:21:00Z,2026-10-25T05:47:00Z,Wayne Logistics 48,Radia 28,person28@example.com,Asia Pacific,Pro,Phone,Performance,Bug,Waiting,Medium,Ada 11,Data,149,1269,5,3,Beacon billing question 538
CASE-000539,2026-10-22T22:34:00Z,2026-10-28T12:00:00Z,Wonka SaaS 49,Barbara 29,person29@example.com,Middle East,Business,Web,Security,Request,Resolved,High,Grace 12,Security,160,1316,6,4,Canvas export question 539
CASE-000540,2026-10-25T05:47:00Z,2026-10-31T19:13:00Z,Acme Fintech 50,Donald 30,person30@example.com,Latin America,Enterprise,Partner,Integration,Incident,Closed,Urgent,Linus 13,Support,171,1363,0,5,Delta latency question 540
CASE-000541,2026-10-28T12:00:00Z,2026-11-03T02:26:00Z,Globex Retail 51,Ada 1,person1@example.com,North America,Free,Email,Account,How-to,New,Low,Margaret 14,Platform,2,,1,,Echo login question 541
CASE-000542,2026-10-31T19:13:00Z,2026-11-06T09:39:00Z,Initech Healthcare 52,Grace 2,person2@example.com,Europe,Pro,Chat,Billing,Bug,Open,Medium,Alan 15,Growth,13,,2,2,Forge billing question 542
CASE-000543,2026-11-03T02:26:00Z,2026-11-09T16:52:00Z,Umbrella Media 53,Linus 3,person3@example.com,Asia Pacific,Business,Phone,Data,Request,Waiting,High,Katherine 16,Design,24,1504,3,3,Helix export question 543
CASE-000544,2026-11-06T09:39:00Z,2026-11-12T23:05:00Z,Stark Logistics 54,Margaret 4,person4@example.com,Middle East,Enterprise,Web,Performance,Incident,Resolved,Urgent,Edsger 17,Data,35,1551,4,4,Ion latency question 544
CASE-000545,2026-11-09T16:52:00Z,2026-11-15T06:18:00Z,Wayne SaaS 55,Alan 5,person5@example.com,Latin America,Free,Partner,Security,How-to,Closed,Low,Radia 18,Security,46,1598,5,5,Atlas login question 545
CASE-000546,2026-11-12T23:05:00Z,2026-11-18T13:31:00Z,Wonka Fintech 56,Katherine 6,person6@example.com,North America,Pro,Email,Integration,Bug,New,Medium,Barbara 19,Support,57,,6,1,Beacon billing question 546
CASE-000547,2026-11-15T06:18:00Z,2026-11-21T20:44:00Z,Acme Retail 57,Edsger 7,person7@example.com,Europe,Business,Chat,Account,Request,Open,High,Donald 20,Platform,68,,0,,Canvas export question 547
CASE-000548,2026-11-18T13:31:00Z,2026-11-24T03:57:00Z,Globex Healthcare 58,Radia 8,person8@example.com,Asia Pacific,Enterprise,Phone,Billing,Incident,Waiting,Urgent,Ada 21,Growth,79,1739,1,3,Delta latency question 548
CASE-000549,2026-11-21T20:44:00Z,2026-01-01T10:10:00Z,Initech Media 59,Barbara 9,person9@example.com,Middle East,Free,Web,Data,How-to,Resolved,Low,Grace 22,Design,90,1786,2,4,Echo login question 549
CASE-000550,2026-11-24T03:57:00Z,2026-01-04T17:23:00Z,Umbrella Logistics 60,Donald 10,person10@example.com,Latin America,Pro,Partner,Performance,Bug,Closed,Medium,Linus 23,Data,101,1833,3,5,Forge billing question 550
CASE-000551,2026-01-01T10:10:00Z,2026-01-07T00:36:00Z,Stark SaaS 61,Ada 11,person11@example.com,North America,Business,Email,Security,Request,New,High,Margaret 24,Security,112,,4,1,Helix export question 551
CASE-000552,2026-01-04T17:23:00Z,2026-01-10T07:49:00Z,Wayne Fintech 62,Grace 12,person12@example.com,Europe,Enterprise,Chat,Integration,Incident,Open,Urgent,Alan 25,Support,,,5,2,"Export includes commas, quotes ""and"" unusual values"
CASE-000553,2026-01-07T00:36:00Z,2026-01-13T14:02:00Z,Wonka Retail 63,Linus 13,person13@example.com,Asia Pacific,Free,Phone,Account,How-to,Waiting,Low,Katherine 26,Platform,134,1974,6,,Atlas login question 553
CASE-000554,2026-01-10T07:49:00Z,2026-01-16T21:15:00Z,Acme Healthcare 64,Margaret 14,person14@example.com,Middle East,Pro,Web,Billing,Bug,Resolved,Medium,Edsger 27,Growth,145,2021,0,4,Beacon billing question 554
CASE-000555,2026-01-13T14:02:00Z,2026-01-19T04:28:00Z,Globex Media 65,Alan 15,person15@example.com,Latin America,Business,Partner,Data,Request,Closed,High,Radia 28,Design,156,2068,1,5,Canvas export question 555
CASE-000556,2026-01-16T21:15:00Z,2026-01-22T11:41:00Z,Initech Logistics 66,Katherine 16,person16@example.com,North America,Enterprise,Email,Performance,Incident,New,Urgent,Barbara 29,Data,167,,2,1,Delta latency question 556
CASE-000557,2026-01-19T04:28:00Z,2026-01-25T18:54:00Z,Umbrella SaaS 67,Edsger 17,person17@example.com,Europe,Free,Chat,Security,How-to,Open,Low,Donald 30,Security,178,,3,2,Echo login question 557
CASE-000558,2026-01-22T11:41:00Z,2026-01-28T01:07:00Z,Stark Fintech 68,Radia 18,person18@example.com,Asia Pacific,Pro,Phone,Integration,Bug,Waiting,Medium,Ada 1,Support,9,2209,4,3,Forge billing question 558
CASE-000559,2026-01-25T18:54:00Z,2026-01-31T08:20:00Z,Wayne Retail 69,Barbara 19,person19@example.com,Middle East,Business,Web,Account,Request,Resolved,High,Grace 2,Platform,20,2256,5,,Helix export question 559
CASE-000560,2026-01-28T01:07:00Z,2026-02-03T15:33:00Z,Wonka Healthcare 70,Donald 20,person20@example.com,Latin America,Enterprise,Partner,Billing,Incident,Closed,Urgent,Linus 3,Growth,31,2303,6,5,Ion latency question 560
CASE-000561,2026-01-31T08:20:00Z,2026-02-06T22:46:00Z,Acme SaaS 1,Ada 21,person21@example.com,North America,Free,Email,Data,How-to,New,Low,Margaret 4,Design,42,,0,1,Atlas login question 561
CASE-000562,2026-02-03T15:33:00Z,2026-02-09T05:59:00Z,Globex Fintech 2,Grace 22,person22@example.com,Europe,Pro,Chat,Performance,Bug,Open,Medium,Alan 5,Data,53,,1,2,Beacon billing question 562
CASE-000563,2026-02-06T22:46:00Z,2026-02-12T12:12:00Z,Initech Retail 3,Linus 23,person23@example.com,Asia Pacific,Business,Phone,Security,Request,Waiting,High,Katherine 6,Security,64,2444,2,3,Canvas export question 563
CASE-000564,2026-02-09T05:59:00Z,2026-02-15T19:25:00Z,Umbrella Healthcare 4,Margaret 24,person24@example.com,Middle East,Enterprise,Web,Integration,Incident,Resolved,Urgent,Edsger 7,Support,75,2491,3,4,Delta latency question 564
CASE-000565,2026-02-12T12:12:00Z,2026-02-18T02:38:00Z,Stark Media 5,Alan 25,person25@example.com,Latin America,Free,Partner,Account,How-to,Closed,Low,Radia 8,Platform,86,2538,4,,Echo login question 565
CASE-000566,2026-02-15T19:25:00Z,2026-02-21T09:51:00Z,Wayne Logistics 6,Katherine 26,person26@example.com,North America,Pro,Email,Billing,Bug,New,Medium,Barbara 9,Growth,97,,5,1,Forge billing question 566
CASE-000567,2026-02-18T02:38:00Z,2026-02-24T16:04:00Z,Wonka SaaS 7,Edsger 27,person27@example.com,Europe,Business,Chat,Data,Request,Open,High,Donald 10,Design,108,,6,2,Helix export question 567
CASE-000568,2026-02-21T09:51:00Z,2026-02-27T23:17:00Z,Acme Fintech 8,Radia 28,person28@example.com,Asia Pacific,Enterprise,Phone,Performance,Incident,Waiting,Urgent,Ada 11,Data,119,2679,0,3,Ion latency question 568
CASE-000569,2026-02-24T16:04:00Z,2026-03-02T06:30:00Z,Globex Retail 9,Barbara 29,person29@example.com,Middle East,Free,Web,Security,How-to,Resolved,Low,Grace 12,Security,130,2726,1,4,Atlas login question 569
CASE-000570,2026-02-27T23:17:00Z,2026-03-05T13:43:00Z,Initech Healthcare 10,Donald 30,person30@example.com,Latin America,Pro,Partner,Integration,Bug,Closed,Medium,Linus 13,Support,141,2773,2,5,Beacon billing question 570
CASE-000571,2026-03-02T06:30:00Z,2026-03-08T20:56:00Z,Umbrella Media 11,Ada 1,person1@example.com,North America,Business,Email,Account,Request,New,High,Margaret 14,Platform,,,3,,Canvas export question 571
CASE-000572,2026-03-05T13:43:00Z,2026-03-11T03:09:00Z,Stark Logistics 12,Grace 2,person2@example.com,Europe,Enterprise,Chat,Billing,Incident,Open,Urgent,Alan 15,Growth,163,,4,2,Delta latency question 572
CASE-000573,2026-03-08T20:56:00Z,2026-03-14T10:22:00Z,Wayne SaaS 13,Linus 3,person3@example.com,Asia Pacific,Free,Phone,Data,How-to,Waiting,Low,Katherine 16,Design,174,2914,5,3,Echo login question 573
CASE-000574,2026-03-11T03:09:00Z,2026-03-17T17:35:00Z,Wonka Fintech 14,Margaret 4,person4@example.com,Middle East,Pro,Web,Performance,Bug,Resolved,Medium,Edsger 17,Data,5,2961,6,4,Forge billing question 574
CASE-000575,2026-03-14T10:22:00Z,2026-03-20T00:48:00Z,Acme Retail 15,Alan 5,person5@example.com,Latin America,Business,Partner,Security,Request,Closed,High,Radia 18,Security,16,3008,0,5,Helix export question 575
CASE-000576,2026-03-17T17:35:00Z,2026-03-23T07:01:00Z,Globex Healthcare 16,Katherine 6,person6@example.com,North America,Enterprise,Email,Integration,Incident,New,Urgent,Barbara 19,Support,27,,1,1,Ion latency question 576
CASE-000577,2026-03-20T00:48:00Z,2026-03-26T14:14:00Z,Initech Media 17,Edsger 7,person7@example.com,Europe,Free,Chat,Account,How-to,Open,Low,Donald 20,Platform,38,,2,,Atlas login question 577
CASE-000578,2026-03-23T07:01:00Z,2026-03-29T21:27:00Z,Umbrella Logistics 18,Radia 8,person8@example.com,Asia Pacific,Pro,Phone,Billing,Bug,Waiting,Medium,Ada 21,Growth,49,3149,3,3,Beacon billing question 578
CASE-000579,2026-03-26T14:14:00Z,2026-04-01T04:40:00Z,Stark SaaS 19,Barbara 9,person9@example.com,Middle East,Business,Web,Data,Request,Resolved,High,Grace 22,Design,60,3196,4,4,Canvas export question 579
CASE-000580,2026-03-29T21:27:00Z,2026-04-04T11:53:00Z,Wayne Fintech 20,Donald 10,person10@example.com,Latin America,Enterprise,Partner,Performance,Incident,Closed,Urgent,Linus 23,Data,71,3243,5,5,Delta latency question 580
CASE-000581,2026-04-01T04:40:00Z,2026-04-07T18:06:00Z,Wonka Retail 21,Ada 11,person11@example.com,North America,Free,Email,Security,How-to,New,Low,Margaret 24,Security,82,,6,1,"Export includes commas, quotes ""and"" unusual values"
CASE-000582,2026-04-04T11:53:00Z,2026-04-10T01:19:00Z,Acme Healthcare 22,Grace 12,person12@example.com,Europe,Pro,Chat,Integration,Bug,Open,Medium,Alan 25,Support,93,,0,2,Forge billing question 582
CASE-000583,2026-04-07T18:06:00Z,2026-04-13T08:32:00Z,Globex Media 23,Linus 13,person13@example.com,Asia Pacific,Business,Phone,Account,Request,Waiting,High,Katherine 26,Platform,104,3384,1,,Helix export question 583
CASE-000584,2026-04-10T01:19:00Z,2026-04-16T15:45:00Z,Initech Logistics 24,Margaret 14,person14@example.com,Middle East,Enterprise,Web,Billing,Incident,Resolved,Urgent,Edsger 27,Growth,115,3431,2,4,Ion latency question 584
CASE-000585,2026-04-13T08:32:00Z,2026-04-19T22:58:00Z,Umbrella SaaS 25,Alan 15,person15@example.com,Latin America,Free,Partner,Data,How-to,Closed,Low,Radia 28,Design,126,3478,3,5,Atlas login question 585
CASE-000586,2026-04-16T15:45:00Z,2026-04-22T05:11:00Z,Stark Fintech 26,Katherine 16,person16@example.com,North America,Pro,Email,Performance,Bug,New,Medium,Barbara 29,Data,137,,4,1,Beacon billing question 586
CASE-000587,2026-04-19T22:58:00Z,2026-04-25T12:24:00Z,Wayne Retail 27,Edsger 17,person17@example.com,Europe,Business,Chat,Security,Request,Open,High,Donald 30,Security,148,,5,2,Canvas export question 587
CASE-000588,2026-04-22T05:11:00Z,2026-04-28T19:37:00Z,Wonka Healthcare 28,Radia 18,person18@example.com,Asia Pacific,Enterprise,Phone,Integration,Incident,Waiting,Urgent,Ada 1,Support,159,3619,6,3,Delta latency question 588
CASE-000589,2026-04-25T12:24:00Z,2026-05-01T02:50:00Z,Acme Media 29,Barbara 19,person19@example.com,Middle East,Free,Web,Account,How-to,Resolved,Low,Grace 2,Platform,170,3666,0,,Echo login question 589
CASE-000590,2026-04-28T19:37:00Z,2026-05-04T09:03:00Z,Globex Logistics 30,Donald 20,person20@example.com,Latin America,Pro,Partner,Billing,Bug,Closed,Medium,Linus 3,Growth,,3713,1,5,Forge billing question 590
CASE-000591,2026-05-01T02:50:00Z,2026-05-07T16:16:00Z,Initech SaaS 31,Ada 21,person21@example.com,North America,Business,Email,Data,Request,New,High,Margaret 4,Design,12,,2,1,Helix export question 591
CASE-000592,2026-05-04T09:03:00Z,2026-05-10T23:29:00Z,Umbrella Fintech 32,Grace 22,person22@example.com,Europe,Enterprise,Chat,Performance,Incident,Open,Urgent,Alan 5,Data,23,,3,2,Ion latency question 592
CASE-000593,2026-05-07T16:16:00Z,2026-05-13T06:42:00Z,Stark Retail 33,Linus 23,person23@example.com,Asia Pacific,Free,Phone,Security,How-to,Waiting,Low,Katherine 6,Security,34,3854,4,3,Atlas login question 593
CASE-000594,2026-05-10T23:29:00Z,2026-05-16T13:55:00Z,Wayne Healthcare 34,Margaret 24,person24@example.com,Middle East,Pro,Web,Integration,Bug,Resolved,Medium,Edsger 7,Support,45,3901,5,4,Beacon billing question 594
CASE-000595,2026-05-13T06:42:00Z,2026-05-19T20:08:00Z,Wonka Media 35,Alan 25,person25@example.com,Latin America,Business,Partner,Account,Request,Closed,High,Radia 8,Platform,56,3948,6,,Canvas export question 595
CASE-000596,2026-05-16T13:55:00Z,2026-05-22T03:21:00Z,Acme Logistics 36,Katherine 26,person26@example.com,North America,Enterprise,Email,Billing,Incident,New,Urgent,Barbara 9,Growth,67,,0,1,Delta latency question 596
CASE-000597,2026-05-19T20:08:00Z,2026-05-25T10:34:00Z,Globex SaaS 37,Edsger 27,person27@example.com,Europe,Free,Chat,Data,How-to,Open,Low,Donald 10,Design,78,,1,2,Echo login question 597
CASE-000598,2026-05-22T03:21:00Z,2026-05-28T17:47:00Z,Initech Fintech 38,Radia 28,person28@example.com,Asia Pacific,Pro,Phone,Performance,Bug,Waiting,Medium,Ada 11,Data,89,89,2,3,Forge billing question 598
CASE-000599,2026-05-25T10:34:00Z,2026-05-31T00:00:00Z,Umbrella Retail 39,Barbara 29,person29@example.com,Middle East,Business,Web,Security,Request,Resolved,High,Grace 12,Security,100,136,3,4,Helix export question 599
CASE-000600,2026-05-28T17:47:00Z,2026-06-03T07:13:00Z,Stark Healthcare 40,Donald 30,person30@example.com,Latin America,Enterprise,Partner,Integration,Incident,Closed,Urgent,Linus 13,Support,111,183,4,5,Ion latency question 600
